# SPDX-License-Identifier: GPL-3.0-only
# Copyright (C) 2026 Vidar Waagbø
"""Default boot sound, generated from sounds/spinup.wav by
tools/mkdefaultsound.py -- do not edit. main.py writes it to
the drive as boot.wav on a freshly formatted filesystem."""

NAME = 'spinup.wav'
WAV = (
    b'RIFFd\x9c\x00\x00WAVEfmt \x10\x00\x00\x00\x01\x00\x01\x00\x80>\x00\x00\x80>\x00\x00\x01\x00\x08\x00data@\x9c\x00\x00\x80\x80\x80\x80\x80\x80\x80\x80\x80\x80\x80\x80\x80\x80\x81\x81\x80\x80\x80\x80'
    b'\x80\x80\x7f\x7f\x7f\x80\x80\x81\x81\x81\x80\x80\x80\x80\x80\x7f~~\x7f\x80\x81\x82\x81\x81\x80\x80\x80\x7f~~~\x7f\x80\x82\x82\x82\x81\x81\x80\x80\x7f~}}~\x80\x82\x83\x83\x82\x81\x81\x80\x7f~}|~\x80\x82\x83\x83\x82\x81'
    b'\x81\x80\x7f~||}\x80\x83\x84\x84\x82\x81\x81\x81\x7f}{{}\x80\x83\x85\x84\x83\x81\x81\x81\x7f}{z|\x80\x83\x85\x84\x83\x81\x81\x81\x7f}zz|\x80\x84\x85\x85\x83\x81\x81\x80\x7f|zz}\x81\x85\x86\x85\x83'
    b'\x81\x81\x80~{yz}\x82\x85\x86\x85\x83\x81\x81\x80~zyz~\x83\x86\x86\x84\x82\x81\x81\x80}zxz\x7f\x84\x87\x86\x84\x82\x81\x81\x7f|yx{\x81\x85\x87\x86\x83\x82\x81\x80~zxy}\x83\x86\x87\x85\x83'
    b'\x82\x81\x80}ywz\x7f\x84\x87\x87\x84\x82\x81\x81\x7f{xx{\x81\x86\x88\x86\x83\x82\x81\x80}ywy~\x84\x88\x87\x85\x83\x82\x81\x7f{ww{\x81\x87\x88\x87\x84\x82\x81\x80}yvx~\x84\x88\x88\x85\x83\x82'
    b'\x81\x7fzvvz\x82\x88\x89\x87\x84\x82\x82\x80|wuw\x7f\x86\x8a\x89\x85\x83\x82\x81~xtu{\x84\x8a\x8a\x87\x84\x82\x82\x7fztsx\x81\x89\x8c\x89\x85\x83\x82\x80{uru~\x87\x8c\x8b\x87\x83\x82\x81}'
    b'vqs{\x86\x8c\x8d\x88\x84\x83\x82~wqqx\x84\x8c\x8e\x8a\x85\x83\x82\x7fxqou\x81\x8c\x8f\x8c\x86\x83\x82\x80yqns\x7f\x8b\x90\x8d\x88\x84\x83\x80zqmq}\x8a\x91\x8f\x89\x84\x83\x81{qlp'
    b'|\x8a\x91\x90\x8a\x85\x83\x81{rkn{\x89\x92\x91\x8a\x85\x83\x81{qkmz\x89\x92\x91\x8b\x85\x83\x82{qjmz\x8a\x92\x91\x8b\x85\x84\x82{qjmz\x8a\x93\x92\x8b\x85\x84\x81zpim{\x8b\x93\x91'
    b'\x8a\x85\x83\x81yoin}\x8c\x94\x91\x8a\x85\x83\x80xnip\x7f\x8e\x94\x90\x89\x84\x83\x80wmir\x82\x90\x93\x8e\x88\x84\x83~ukju\x85\x91\x93\x8d\x86\x84\x82}sklx\x88\x92\x92\x8b\x85\x84\x81{'
    b'pjn|\x8b\x93\x90\x89\x85\x83\x80xnjq\x81\x8e\x93\x8e\x87\x84\x83~ulkv\x86\x91\x92\x8c\x86\x84\x82|rjn{\x8a\x92\x90\x89\x85\x83\x80xnjq\x81\x8f\x93\x8e\x87\x84\x83~tkkw\x87\x92'
    b'\x92\x8b\x86\x84\x81zoio~\x8d\x94\x90\x89\x84\x83\x7fukjt\x86\x92\x93\x8d\x86\x84\x82{ohm|\x8d\x95\x91\x8a\x85\x83\x7fujhs\x86\x94\x95\x8e\x87\x84\x82znfk}\x8f\x97\x92\x8a\x85\x84~s'
    b'gft\x88\x96\x97\x8e\x87\x84\x81xjck\x80\x93\x99\x93\x8a\x85\x83|ncew\x8e\x9a\x97\x8d\x87\x85\x80sean\x86\x98\x9b\x92\x89\x85\x82xh_g~\x95\x9d\x96\x8b\x86\x84|l_av\x90\x9e\x9a\x8f'
    b'\x87\x85\x7fq`]n\x89\x9c\x9e\x93\x89\x86\x82uc[g\x82\x9a\xa0\x96\x8b\x86\x83yfZb|\x96\xa1\x9a\x8d\x87\x85|j[^u\x92\xa1\x9c\x90\x88\x85~m\\[p\x8e\xa0\x9f\x92\x89\x86\x80p^Yk\x89'
    b'\x9f\xa0\x94\x8a\x86\x82s`Yh\x86\x9d\xa1\x96\x8a\x86\x82ubXe\x82\x9c\xa1\x97\x8b\x86\x83wdYd\x80\x9a\xa1\x98\x8c\x87\x84xeYc~\x99\xa1\x98\x8c\x87\x84yfZb}\x98\xa1\x98\x8c\x87\x84yg['
    b'c}\x97\xa0\x98\x8c\x86\x84yg[c}\x97\x9f\x97\x8b\x86\x84yg\\d~\x97\x9f\x96\x8b\x86\x83xg\\f\x80\x98\x9e\x95\x8a\x86\x83wf]h\x82\x99\x9e\x94\x89\x86\x82vd]j\x85\x9a\x9d\x92\x89\x85\x81t'
    b'c^m\x89\x9c\x9c\x91\x88\x85\x80qa_q\x8c\x9d\x9b\x8f\x87\x85~n_`v\x91\x9e\x99\x8d\x87\x84|j]b{\x95\x9f\x97\x8b\x86\x83yf[f\x81\x9a\x9f\x95\x8a\x86\x82ta[k\x89\x9e\x9f\x92\x89\x86\x80'
    b'o][r\x90\xa1\x9d\x8f\x88\x85|hY^z\x98\xa3\x9a\x8d\x87\x84waVd\x84\x9f\xa3\x97\x8a\x87\x81oZVl\x8f\xa5\xa2\x92\x89\x86|gTYx\x9a\xa8\x9e\x8f\x88\x84u]Pa\x86\xa4\xa8\x99\x8b\x87\x80'
    b'lTQm\x95\xaa\xa4\x93\x89\x86y`NX}\xa2\xac\x9e\x8e\x88\x83oULe\x8f\xab\xa9\x97\x8b\x87|bLRw\xa0\xae\xa2\x90\x89\x84qUI`\x8c\xac\xac\x99\x8c\x88}cKOu\x9f\xb0\xa4\x91\x89\x84q'
    b'TH_\x8c\xad\xad\x9a\x8c\x88}bJOv\xa1\xb1\xa3\x91\x89\x84pSHa\x8f\xae\xac\x98\x8b\x87{_IR{\xa4\xb0\xa1\x8f\x89\x82lPJh\x95\xaf\xa9\x95\x8a\x86w[IY\x84\xa8\xae\x9c\x8d\x88\x7fgM'
    b'Or\x9d\xaf\xa3\x91\x89\x84qVKc\x8f\xab\xa9\x96\x8a\x87z_LX\x80\xa4\xac\x9c\x8d\x88\x80iQQr\x9a\xac\xa1\x90\x89\x84rXNf\x8f\xa9\xa6\x94\x89\x86y`O\\\x83\xa4\xa9\x99\x8b\x87~gQVx'
    b'\x9d\xaa\x9d\x8d\x88\x82nVRn\x95\xa9\xa1\x90\x88\x84t[Pe\x8d\xa7\xa4\x93\x89\x86yaP^\x84\xa4\xa7\x97\x8a\x87}fQY|\xa0\xa9\x9b\x8c\x87\x80kSTu\x9b\xaa\x9e\x8e\x88\x82oUQn\x96\xaa\xa1'
    b'\x90\x88\x84rXOg\x91\xaa\xa5\x93\x89\x85uZMb\x8d\xaa\xa8\x95\x8a\x86x\\K]\x88\xaa\xab\x98\x8b\x87z^IX\x84\xa9\xad\x9a\x8c\x88|_HT\x80\xa9\xb0\x9d\x8d\x88}`GP}\xa9\xb2\x9f\x8e\x89~'
    b'aEM{\xa9\xb4\xa1\x8f\x89\x7faDKy\xa9\xb6\xa3\x90\x8a\x7f`BHx\xaa\xb8\xa4\x90\x8a\x7f_@Gx\xac\xb9\xa5\x90\x8a\x7f^>Fy\xae\xbb\xa5\x90\x8a~\\<F{\xb0\xbb\xa5\x90\x8a}Y:G\x7f'
    b'\xb3\xbc\xa4\x90\x8a{V8I\x83\xb6\xbb\xa2\x8f\x8axR7L\x89\xb9\xba\xa0\x8f\x89uN6Q\x8f\xbb\xb8\x9d\x8e\x88rI6W\x96\xbd\xb6\x9b\x8d\x87mE8_\x9e\xbf\xb2\x97\x8c\x85hA;h\xa5\xbf\xad\x94\x8b'
    b'\x82b=@s\xac\xbd\xa8\x91\x8b~[;G~\xb2\xba\xa2\x8f\x89yT:P\x8a\xb7\xb6\x9d\x8d\x88sM;[\x96\xb9\xb0\x97\x8c\x85lG?h\xa1\xb9\xaa\x93\x8a\x81cBFv\xaa\xb7\xa3\x8f\x89|[@P\x85'
    b'\xb1\xb3\x9c\x8c\x87uRA]\x94\xb5\xad\x95\x8b\x85lKEl\xa1\xb5\xa5\x90\x89\x80bEM}\xab\xb3\x9e\x8d\x88yXCY\x8e\xb1\xad\x96\x8b\x85pNEi\x9d\xb4\xa6\x91\x89\x81dGM|\xaa\xb2\x9e\x8d\x88y'
    b'XCZ\x8f\xb2\xad\x96\x8b\x85nLEl\xa1\xb5\xa5\x90\x89\x7f`CO\x82\xaf\xb3\x9c\x8c\x87uQ@_\x98\xb7\xac\x94\x8b\x83fDFv\xab\xb8\xa2\x8f\x89yU=U\x90\xb8\xb2\x98\x8c\x85jD?m\xa8\xbc\xa8'
    b'\x91\x8a|W9M\x8a\xb9\xb8\x9c\x8d\x87mC8f\xa6\xc0\xad\x93\x8b~W5F\x87\xbc\xbc\x9f\x8e\x88m@3b\xa7\xc4\xb0\x95\x8c~U0C\x87\xbf\xc0\xa1\x8f\x88k</c\xab\xc8\xb2\x95\x8d}P,B\x8c'
    b"\xc4\xc1\xa1\x8f\x87g6.g\xb2\xcb\xb1\x95\x8cyJ'F\x94\xc9\xc0\x9f\x8f\x86`//q\xba\xcb\xad\x93\x8csA%P\xa1\xcd\xbc\x9b\x8e\x81V)6\x81\xc4\xc9\xa7\x91\x89j6(`\xaf\xce\xb4\x96\x8dzJ%"
    b'D\x94\xca\xc1\x9f\x8f\x85^-1v\xbd\xca\xaa\x92\x8bp<(Y\xa9\xcc\xb6\x97\x8d}O)B\x8f\xc7\xc1\x9f\x8f\x86a13u\xba\xc7\xa8\x91\x8ap?,\\\xa8\xc9\xb2\x95\x8c|O-I\x93\xc5\xbb\x9b\x8e\x84^'
    b'3;}\xbb\xc1\xa3\x8f\x88l>3h\xad\xc4\xab\x92\x8bwJ1V\x9d\xc3\xb2\x96\x8c\x7fW4H\x8c\xbe\xb9\x9b\x8d\x84c:>z\xb6\xbd\xa1\x8e\x88nB9j\xab\xbf\xa7\x90\x8avL6\\\x9f\xbf\xad\x93\x8b}'
    b'U7P\x92\xbd\xb3\x97\x8c\x82^9G\x85\xb9\xb8\x9b\x8d\x85f=?y\xb4\xbc\xa0\x8e\x88mB:m\xad\xbf\xa6\x90\x89sH6a\xa5\xc1\xab\x92\x8byM3W\x9d\xc2\xb1\x95\x8c}S2N\x95\xc2\xb6\x98\x8d\x80'
    b"X2E\x8c\xc1\xbb\x9b\x8d\x83]2>\x84\xc0\xc0\x9f\x8e\x86a27|\xbe\xc4\xa3\x90\x87e31t\xbc\xc8\xa7\x91\x89h4,m\xba\xcc\xab\x92\x8ak5'f\xb8\xcf\xaf\x93\x8bn6#`\xb6\xd2\xb2\x95\x8cp"
    b'6 [\xb4\xd4\xb5\x96\x8dq6\x1dW\xb3\xd6\xb8\x97\x8er6\x1aT\xb2\xd8\xba\x98\x8es6\x18R\xb2\xda\xbb\x98\x8es5\x17Q\xb3\xdb\xbc\x99\x8er4\x16R\xb4\xdc\xbc\x98\x8eq2\x15S\xb6\xdd\xbb\x98\x8ep0'
    b'\x15V\xb9\xdd\xba\x98\x8en.\x16Z\xbc\xdc\xb8\x97\x8dk+\x17_\xc0\xdb\xb5\x96\x8ch(\x1af\xc4\xd9\xb2\x95\x8bd%\x1en\xc8\xd7\xae\x94\x8a`#"w\xcb\xd3\xaa\x92\x88[ )\x80\xcf\xcf\xa6\x91\x85U\x1f0'
    b'\x8a\xd1\xca\xa1\x90\x82O\x1e9\x95\xd2\xc4\x9d\x8f~H\x1eD\xa0\xd3\xbd\x99\x8eyA P\xaa\xd2\xb7\x96\x8ds;#]\xb3\xcf\xb0\x93\x8bl5)l\xbc\xcb\xa9\x91\x88d/1{\xc2\xc6\xa2\x8f\x85[+;\x8a\xc7'
    b'\xc0\x9c\x8e\x80Q)G\x99\xca\xb8\x97\x8dzG)V\xa7\xca\xb0\x93\x8br>,f\xb4\xc8\xa9\x91\x89h53x\xbf\xc4\xa1\x8f\x85\\-=\x8c\xc6\xbd\x9b\x8e\x7fO)L\x9f\xcb\xb5\x96\x8cvA)^\xb0\xcb\xad\x92'
    b'\x8aj4.t\xc0\xc8\xa4\x90\x86[)9\x8c\xcb\xc1\x9c\x8e~J#J\xa4\xd1\xb8\x96\x8dr8"b\xba\xd1\xad\x93\x8ac(*}\xcb\xcc\xa3\x91\x83O\x1d;\x9b\xd6\xc2\x9b\x8fw9\x19U\xb7\xd9\xb5\x95\x8ce$'
    b'\x1fu\xce\xd5\xa9\x92\x85N\x152\x99\xdd\xc9\x9e\x90w5\x10P\xbb\xe0\xba\x97\x8dc\x1d\x19v\xd5\xda\xaa\x93\x84I\x0e0\x9f\xe3\xcb\x9e\x91t,\x0bU\xc4\xe4\xb9\x97\x8c[\x14\x1a\x81\xdd\xd9\xa8\x93\x80>\x089\xae\xe8'
    b'\xc6\x9c\x90k \x0cf\xd1\xe2\xb2\x95\x88N\x0b%\x97\xe5\xd1\xa1\x92w.\x07O\xc2\xe7\xbb\x98\x8c\\\x13\x19\x82\xde\xd9\xa7\x93~;\x08?\xb3\xe7\xc2\x9a\x8ff\x1d\x13r\xd5\xdc\xab\x94\x83F\x0c5\xa5\xe3\xc6\x9c\x90n'
    b'&\x12f\xcd\xdc\xae\x94\x86O\x120\x9b\xdf\xc7\x9c\x90r.\x14`\xc5\xda\xaf\x94\x88T\x18/\x95\xda\xc6\x9c\x8fu4\x18^\xc0\xd7\xae\x93\x88X\x1e2\x93\xd5\xc3\x9b\x8fv8\x1d`\xbd\xd3\xab\x92\x87Y"7\x94\xd2'
    b'\xbf\x99\x8eu9"e\xbd\xce\xa8\x91\x86W%>\x98\xcf\xba\x97\x8dr8(m\xbf\xc9\xa3\x90\x83T&F\x9f\xce\xb5\x94\x8bn5.w\xc2\xc4\x9f\x8e\x80N\'P\xa8\xcc\xaf\x92\x8ag14\x84\xc7\xbf\x9a\x8e{E'
    b'(^\xb3\xca\xa8\x90\x87^+>\x93\xcb\xb9\x96\x8cs;*n\xbe\xc8\xa2\x8f\x82Q%K\xa5\xce\xb2\x93\x8ah.0\x83\xca\xc2\x9c\x8ezA#^\xb8\xcf\xa9\x91\x86W#=\x9b\xd2\xba\x97\x8dm/&w\xca\xca\xa1'
    b'\x90~C\x1cS\xb5\xd5\xb0\x93\x88Y\x1e4\x97\xd7\xc1\x99\x8en,\x1es\xcd\xd1\xa4\x91~@\x15N\xb8\xdb\xb3\x94\x89W\x18/\x99\xdd\xc4\x9b\x8fl%\x19u\xd4\xd4\xa5\x92|9\x0fQ\xc0\xdf\xb3\x95\x88O\x102\xa3'
    b'\xe3\xc3\x9a\x8ee\x1b\x1a\x81\xdd\xd3\xa2\x92v-\r^\xcd\xdf\xae\x94\x83C\n>\xb4\xe5\xbc\x97\x8bX\x11$\x96\xe4\xcb\x9d\x90k\x1f\x13v\xda\xd8\xa6\x92z2\x0bW\xc8\xe1\xb0\x94\x85F\x0b;\xb1\xe4\xbd\x97\x8cY\x13'
    b"&\x96\xe2\xc9\x9c\x8fj \x17z\xd9\xd3\xa3\x91x1\x10_\xca\xdb\xab\x93\x82B\x10H\xb7\xde\xb4\x95\x88S\x165\xa2\xdd\xbe\x97\x8cc\x1f'\x8c\xd8\xc6\x9b\x8fp,\x1ev\xcf\xcd\xa1\x90z:\x1bb\xc3\xd2\xa7\x91\x81"
    b"G\x1cP\xb4\xd4\xad\x92\x86U B\xa4\xd3\xb4\x94\x8a`&7\x94\xd0\xba\x96\x8ck//\x85\xcb\xbf\x99\x8ds8*v\xc5\xc4\x9c\x8ezA(h\xbd\xc7\xa0\x8f\x7fJ'\\\xb4\xc9\xa5\x8f\x83S(Q\xaa\xca\xa9\x90"
    b'\x86[+H\xa0\xcb\xae\x91\x88b.@\x97\xca\xb2\x93\x8ah2:\x8d\xc8\xb7\x95\x8bn64\x84\xc6\xbb\x97\x8cr:0{\xc4\xbf\x9a\x8dv>,r\xc1\xc3\x9c\x8ezA(j\xbe\xc6\x9f\x8e}E&c\xbb\xca\xa2'
    b'\x8f\x7fH#\\\xb8\xcd\xa5\x90\x82K!U\xb5\xcf\xa9\x91\x83N\x1fO\xb2\xd2\xac\x91\x85P\x1eJ\xaf\xd5\xaf\x92\x86R\x1cE\xad\xd7\xb1\x93\x87S\x1b@\xab\xd9\xb4\x94\x88T\x19=\xa9\xdb\xb6\x95\x89U\x18:\xa8\xdd\xb8'
    b'\x95\x89V\x167\xa7\xde\xba\x96\x8aV\x155\xa7\xe0\xbb\x96\x8aU\x134\xa8\xe1\xbb\x96\x8aT\x124\xa9\xe2\xbb\x96\x8aS\x115\xab\xe3\xbb\x96\x8aQ\x0f6\xad\xe3\xba\x96\x89O\x0f9\xb0\xe3\xb8\x96\x88M\x0e<\xb4\xe2\xb7'
    b'\x95\x87J\rA\xb8\xe1\xb4\x94\x85F\x0eF\xbc\xe0\xb1\x94\x84C\x0eL\xc0\xde\xae\x93\x81?\x10T\xc4\xdb\xab\x92\x7f;\x12\\\xc8\xd8\xa7\x92|7\x15e\xcc\xd3\xa3\x91x2\x19n\xcf\xcf\xa0\x90t.\x1ey\xd2\xc9\x9d'
    b'\x8fo+$\x83\xd3\xc4\x99\x8dj(,\x8e\xd4\xbd\x97\x8cd%4\x98\xd4\xb7\x94\x8a^#>\xa2\xd2\xb1\x92\x87W#I\xab\xcf\xaa\x91\x84P$U\xb4\xcc\xa5\x8f\x80I&b\xbb\xc7\x9f\x8e{B*p\xc1\xc1\x9a\x8d'
    b'u;0~\xc5\xbb\x96\x8cn57\x8b\xc8\xb4\x93\x8af0A\x99\xc9\xad\x91\x87]-M\xa6\xc8\xa7\x8f\x84T,[\xb1\xc5\xa0\x8e~I-j\xbb\xc1\x9b\x8dx?1{\xc3\xbb\x96\x8co68\x8c\xc8\xb4\x93\x8ad'
    b".C\x9d\xca\xac\x90\x86X)Q\xad\xca\xa5\x8f\x81K'c\xbb\xc6\x9e\x8ey=*w\xc7\xc0\x98\x8dn02\x8d\xce\xb8\x94\x8aa&?\xa3\xd1\xaf\x92\x86Q R\xb7\xd0\xa6\x90~@\x1fi\xc7\xca\x9e\x8fs/&"
    b'\x84\xd3\xc1\x98\x8cc!4\x9e\xd8\xb6\x94\x88Q\x18I\xb7\xd7\xab\x92\x7f=\x17e\xcc\xd1\xa1\x90r*\x1f\x84\xd9\xc5\x99\x8d`\x1a0\xa3\xde\xb8\x95\x87K\x12K\xbf\xdb\xab\x92}5\x13l\xd3\xd1\xa0\x90l! \x8f\xdf'
    b'\xc3\x98\x8cW\x139\xb0\xe0\xb3\x94\x83?\x0fZ\xcb\xd8\xa5\x91t)\x19\x80\xdb\xc9\x9b\x8e`\x17/\xa5\xe0\xb8\x95\x86H\x11P\xc3\xda\xa8\x91y0\x17v\xd7\xcb\x9c\x8ee\x1d,\x9d\xdd\xb9\x95\x88M\x15M\xbd\xd7\xa8\x91'
    b'{5\x1at\xd2\xc9\x9b\x8eg"/\x9b\xd9\xb6\x94\x87O\x1aP\xbb\xd2\xa5\x90z8!x\xcf\xc3\x99\x8dg&7\x9e\xd3\xb1\x92\x85O Y\xbc\xcb\xa0\x8fw8*\x80\xcc\xbb\x95\x8bc)B\xa4\xce\xa9\x90\x82K\''
    b'f\xbe\xc3\x9b\x8dr65\x8c\xca\xb2\x92\x88\\*Q\xad\xc7\xa2\x8e}E.v\xc2\xba\x95\x8bj2B\x9b\xc8\xa9\x8f\x84R-c\xb8\xc0\x9a\x8cu<8\x8a\xc6\xb0\x91\x88^/S\xac\xc4\xa0\x8d|E2y\xc1\xb7'
    b'\x94\x8ah2G\xa0\xc7\xa6\x8e\x82N.k\xbc\xbd\x98\x8cp6=\x94\xc8\xac\x90\x85U+^\xb6\xc3\x9c\x8du:4\x89\xc9\xb3\x92\x88[)R\xb1\xc8\xa1\x8ez>-\x7f\xc9\xb9\x94\x8a`(I\xab\xcd\xa5\x8f}@'
    b'\'v\xca\xbf\x97\x8bd&@\xa7\xd1\xaa\x90\x80B!o\xca\xc4\x99\x8df%9\xa4\xd5\xae\x91\x81B\x1dj\xcb\xc8\x9b\x8eg"4\xa2\xd8\xb1\x92\x82B\x19g\xcd\xcc\x9c\x8eh 1\xa2\xdb\xb2\x93\x83@\x16f\xcf\xcd'
    b'\x9d\x8eg\x1d0\xa4\xdd\xb3\x93\x82>\x15h\xd1\xce\x9d\x8ed\x1b2\xa8\xde\xb2\x93\x81:\x14m\xd4\xcc\x9c\x8ea\x186\xae\xdd\xaf\x92~6\x16u\xd7\xc8\x9a\x8d\\\x16=\xb5\xdb\xab\x92z1\x1b\x7f\xd9\xc3\x97\x8bU\x16'
    b'H\xbc\xd7\xa6\x91u+"\x8b\xd9\xbc\x95\x88N\x17U\xc3\xd1\xa1\x8fo\',\x98\xd8\xb4\x93\x84F\x1be\xca\xc9\x9b\x8dg#9\xa6\xd4\xab\x91\x7f>"w\xce\xbf\x96\x8b^"J\xb3\xce\xa3\x8fx6,\x89\xcf\xb5\x92'
    b'\x87S$]\xbd\xc5\x9b\x8dn0;\x9b\xcd\xaa\x90\x81H*r\xc4\xbb\x95\x8ac,M\xab\xc7\xa0\x8dy>4\x88\xc7\xb0\x91\x86W,b\xb9\xbf\x98\x8cn5C\x9d\xc6\xa5\x8e\x7fI2y\xc1\xb4\x92\x88a0W\xaf'
    b'\xc1\x9b\x8cu<=\x92\xc5\xa9\x8f\x83Q1o\xbd\xb7\x94\x8ag3P\xa8\xc2\x9e\x8dy@9\x8a\xc5\xac\x8f\x85T/i\xbb\xbb\x96\x8bi3J\xa5\xc5\xa0\x8dzA5\x87\xc6\xaf\x90\x86U,e\xbc\xbe\x97\x8bi0'
    b'G\xa6\xc8\xa2\x8ez>1\x88\xca\xb1\x91\x86R\'e\xc0\xc1\x98\x8cf*F\xab\xcc\xa3\x8fx7.\x8d\xcf\xb2\x92\x85K"j\xc7\xc2\x98\x8ba#I\xb4\xcf\xa2\x8ft..\x96\xd4\xb1\x92\x82A\x1ft\xd0\xc1\x96\x8a'
    b"W\x1cQ\xbf\xcf\x9f\x8fl$4\xa5\xd8\xac\x91|5 \x84\xd7\xbc\x95\x87J\x17a\xcc\xcb\x9b\x8d`\x1aA\xb7\xd7\xa6\x90s'(\x9a\xdb\xb3\x93\x81:\x19x\xd7\xc3\x97\x8aP\x15W\xc8\xd0\x9e\x8ed\x1c:\xb1\xd9\xa8"
    b'\x91v*%\x94\xdb\xb5\x93\x82=\x19u\xd5\xc3\x97\x8aR\x17V\xc6\xce\x9d\x8ee\x1e<\xb1\xd6\xa7\x90u,)\x97\xd8\xb2\x92\x81=\x1fz\xd3\xbd\x95\x88P\x1c_\xc7\xc8\x9a\x8cb!H\xb5\xcf\xa1\x8eq,5\x9f\xd2'
    b'\xaa\x90|:*\x87\xcf\xb3\x92\x84K%o\xc8\xbc\x95\x89Z&Z\xbb\xc4\x99\x8ci,G\xab\xc9\xa0\x8du6:\x98\xca\xa7\x8f~C1\x84\xc7\xaf\x90\x84P-q\xc1\xb7\x93\x88]._\xb7\xbd\x96\x8bi2O\xaa'
    b'\xc2\x9b\x8cs:C\x9c\xc4\xa2\x8d{C:\x8c\xc3\xa8\x8e\x81M4{\xc0\xaf\x90\x86X2k\xba\xb6\x93\x89b3]\xb2\xbb\x96\x8ak6O\xa8\xc0\x9b\x8ct;D\x9c\xc3\xa1\x8dzB;\x8f\xc4\xa7\x8e\x80J4\x81'
    b'\xc3\xae\x90\x84R0r\xc0\xb4\x92\x88[.d\xbb\xbb\x95\x8ac.W\xb4\xc1\x99\x8ck0K\xab\xc6\x9d\x8dr4?\xa1\xca\xa3\x8ex96\x95\xcc\xa9\x8f}?.\x89\xcd\xaf\x90\x82E(|\xcc\xb6\x92\x86L$o'
    b'\xca\xbd\x94\x89T!b\xc6\xc3\x97\x8b[ V\xc0\xc9\x9b\x8db!J\xb9\xce\x9e\x8ei#@\xb1\xd2\xa2\x8fo&6\xa9\xd5\xa7\x90t*.\x9f\xd7\xac\x91y/\'\x95\xd8\xb0\x92}5"\x8b\xd8\xb5\x92\x81:\x1e\x82'
    b'\xd7\xba\x94\x84@\x1bx\xd5\xbe\x95\x86F\x19o\xd3\xc2\x96\x88L\x18g\xcf\xc5\x97\x8aQ\x19_\xcb\xc8\x99\x8bW\x1aX\xc7\xca\x9a\x8c[\x1bR\xc2\xcc\x9c\x8d`\x1eL\xbe\xcd\x9d\x8dd H\xb9\xce\x9e\x8eh#D\xb4'
    b'\xce\x9f\x8ek&A\xb0\xce\xa0\x8en)?\xab\xce\xa1\x8ep-=\xa7\xcd\xa2\x8er0<\xa4\xcc\xa2\x8et2;\xa1\xcb\xa3\x8ev5;\x9e\xca\xa3\x8ew8;\x9c\xc9\xa3\x8ex:;\x9a\xc7\xa3\x8dy<<\x98\xc6'
    b'\xa3\x8dy>=\x97\xc5\xa2\x8dz?>\x96\xc4\xa2\x8dz@>\x96\xc3\xa2\x8dzA?\x96\xc2\xa1\x8dzA@\x96\xc2\xa0\x8cyAA\x97\xc1\xa0\x8cyAB\x98\xc1\x9f\x8cx@D\x99\xc0\x9e\x8cw@E\x9b\xc0\x9e'
    b'\x8cv>F\x9d\xc0\x9d\x8cu=G\xa0\xc0\x9c\x8cs;I\xa2\xc0\x9b\x8cr9K\xa6\xc0\x9a\x8bo6M\xa9\xc0\x9a\x8bm4O\xad\xc0\x99\x8bj1S\xb1\xc0\x98\x8bg/V\xb5\xbf\x97\x8ac,Z\xb9\xbe\x96\x8a'
    b'_*_\xbe\xbd\x95\x89Z(e\xc2\xbc\x94\x88U&k\xc6\xba\x93\x87O%r\xca\xb8\x92\x85I%z\xcd\xb5\x92\x83C&\x83\xd0\xb2\x91\x80=(\x8c\xd2\xaf\x90|6+\x95\xd4\xab\x90x00\x9f\xd4\xa7\x8fs*'
    b"6\xa9\xd3\xa4\x8fm%>\xb2\xd1\xa0\x8eg G\xbb\xce\x9d\x8d`\x1dQ\xc3\xca\x9a\x8cX\x1b]\xca\xc5\x97\x89O\x1bj\xcf\xc0\x95\x87G\x1dx\xd3\xb9\x93\x83>!\x85\xd5\xb3\x91~6'\x93\xd5\xac\x90x/0\xa0"
    b'\xd3\xa6\x8fr);\xad\xd0\xa1\x8ej%G\xb7\xcb\x9c\x8ca"U\xc0\xc4\x97\x8aX"e\xc7\xbd\x94\x87O%t\xcb\xb5\x91\x83F*\x84\xcd\xae\x90~=2\x93\xcc\xa6\x8ew6<\xa1\xc9\x9f\x8dp1I\xad\xc4\x9a'
    b'\x8bg.X\xb7\xbd\x95\x89^.g\xbe\xb6\x91\x86T0x\xc2\xae\x8f\x82K6\x88\xc3\xa6\x8d|C?\x97\xc2\x9f\x8cu<J\xa4\xbe\x99\x8bl7X\xaf\xb9\x94\x89c5g\xb8\xb2\x90\x86X7x\xbd\xaa\x8e\x82N'
    b';\x89\xbf\xa3\x8c{DD\x98\xbe\x9c\x8bs=P\xa7\xbb\x96\x8ai8_\xb2\xb5\x92\x88^6p\xbb\xae\x8f\x84R8\x82\xc0\xa6\x8d}F?\x95\xc1\x9e\x8cu<K\xa6\xbe\x98\x8bj4[\xb4\xb8\x93\x88\\1n\xbf'
    b'\xb1\x90\x84N3\x84\xc5\xa8\x8e|@<\x99\xc6\xa0\x8dr4J\xac\xc2\x99\x8bd,]\xbc\xbb\x93\x88T*u\xc7\xb2\x90\x81D0\x8e\xcc\xa7\x8ew4<\xa6\xca\x9e\x8di)P\xba\xc4\x97\x8aX$j\xc9\xb9\x92\x84'
    b'E\'\x86\xd0\xae\x90z43\xa1\xd0\xa2\x8el&H\xb9\xc9\x9a\x8bZ d\xca\xbe\x94\x86E"\x83\xd3\xb1\x91{20\xa1\xd3\xa4\x8fl$G\xba\xcb\x9a\x8cX\x1ed\xcc\xbe\x94\x85C"\x85\xd4\xaf\x90z02\xa5'
    b"\xd2\xa2\x8ei#L\xbe\xc8\x98\x8aU\x1fl\xcd\xba\x92\x83@'\x8e\xd2\xab\x8fv.;\xac\xcd\x9e\x8dd$X\xc2\xc1\x95\x88O%y\xcd\xb1\x90~;2\x9a\xcd\xa3\x8eo,J\xb4\xc4\x98\x8a\\(i\xc5\xb6\x91\x83"
    b'G/\x8a\xca\xa7\x8ew7B\xa7\xc4\x9a\x8bf.^\xbc\xb8\x92\x86R0\x7f\xc5\xa9\x8e|@?\x9d\xc3\x9c\x8bm4X\xb3\xb9\x93\x88Z3v\xc0\xaa\x8e\x7fG>\x95\xc0\x9d\x8bq:T\xad\xb8\x93\x88_6q\xbb'
    b'\xab\x8e\x81L?\x90\xbe\x9e\x8bt>S\xa9\xb7\x93\x88b8o\xb9\xab\x8e\x82O?\x8e\xbd\x9e\x8bu?R\xa8\xb7\x93\x88c8o\xb9\xab\x8e\x82O?\x8e\xbe\x9e\x8bt>S\xa9\xb8\x93\x88a7p\xbb\xab\x8e\x81L'
    b'>\x91\xbf\x9d\x8br;T\xad\xb8\x93\x88]5t\xbe\xab\x8e\x7fF>\x97\xc1\x9d\x8bn5W\xb4\xb9\x93\x87W1{\xc3\xaa\x8e|??\xa0\xc4\x9b\x8bh/^\xbc\xb8\x92\x86N/\x85\xc8\xa7\x8ew6D\xab\xc4\x99'
    b'\x8b_)h\xc4\xb5\x91\x82C0\x93\xcc\xa3\x8eo,L\xb8\xc3\x96\x89T&w\xcc\xb0\x90|76\xa4\xcc\x9e\x8dd%[\xc4\xbe\x93\x85F(\x8b\xd0\xa9\x8fs+C\xb5\xc9\x99\x8bV!p\xce\xb5\x91~71\xa0'
    b'\xd0\xa1\x8ef#W\xc4\xc0\x94\x86F%\x89\xd2\xaa\x8fs+B\xb5\xc9\x99\x8bV"r\xce\xb4\x91}63\xa3\xce\x9f\x8dd$]\xc5\xbc\x93\x84D*\x8f\xcf\xa6\x8ep+K\xb9\xc3\x96\x89R\'|\xcc\xad\x8fy5'
    b'?\xaa\xc7\x9a\x8b^)k\xc5\xb3\x90\x80@6\x9b\xc8\x9e\x8ci-\\\xbd\xb8\x91\x85K2\x8c\xc7\xa2\x8dr4Q\xb3\xbb\x93\x87V2\x7f\xc3\xa6\x8dy<I\xa8\xbd\x95\x89_3s\xbf\xaa\x8d~DD\x9e\xbe\x98\x8a'
    b'g6i\xba\xad\x8e\x81K@\x95\xbe\x9a\x8am:a\xb4\xb0\x8f\x84R>\x8c\xbd\x9d\x8br=[\xaf\xb2\x90\x85W=\x85\xbc\x9f\x8bv@V\xaa\xb4\x91\x87\\<\x7f\xbb\xa1\x8byCQ\xa6\xb5\x92\x88`;y\xba\xa4'
    b'\x8c{EM\xa2\xb7\x94\x88b:u\xba\xa6\x8c}FJ\xa0\xb9\x95\x89d8q\xba\xa8\x8d~FF\x9e\xbc\x96\x8ae6n\xbb\xab\x8e\x7fFC\x9d\xbe\x98\x8ae4k\xbd\xad\x8e\x7fE@\x9d\xc0\x99\x8ae2j\xbf'
    b"\xaf\x8f\x80C=\x9e\xc3\x9a\x8bd/i\xc1\xb0\x8f\x7fA<\x9f\xc5\x9b\x8bc,j\xc3\xb1\x90\x7f>:\xa2\xc7\x9b\x8b`)k\xc6\xb2\x90~::\xa5\xc8\x9b\x8b]'n\xc9\xb1\x90|6<\xaa\xc8\x9a\x8bZ%s"
    b'\xcc\xb0\x90z3>\xaf\xc8\x99\x8aU%y\xce\xad\x8fw/C\xb4\xc6\x97\x89P%\x81\xcf\xaa\x8fs+I\xba\xc3\x95\x87K(\x89\xcf\xa7\x8en)Q\xbf\xbf\x93\x85E,\x92\xce\xa2\x8di([\xc3\xba\x92\x82@2'
    b'\x9c\xcb\x9e\x8cc(g\xc6\xb3\x90~;;\xa5\xc7\x9a\x8b\\*s\xc8\xad\x8fy7E\xae\xc1\x96\x89U.\x80\xc7\xa6\x8dt4Q\xb5\xba\x92\x86N4\x8d\xc5\x9f\x8cm3_\xba\xb2\x8f\x82H=\x9a\xc1\x99\x8ae3'
    b'n\xbe\xaa\x8d}BH\xa5\xbb\x94\x88]7}\xbe\xa3\x8cv>U\xae\xb4\x90\x85U=\x8b\xbd\x9c\x8bo;d\xb4\xac\x8d\x81MF\x99\xb9\x96\x89f;t\xb9\xa4\x8c{EQ\xa6\xb4\x91\x86\\>\x84\xba\x9d\x8as@'
    b'_\xaf\xad\x8e\x82QE\x94\xb8\x96\x89i=p\xb7\xa5\x8c|GP\xa3\xb4\x91\x87]>\x82\xba\x9e\x8bs?^\xb0\xae\x8e\x83PC\x95\xba\x97\x89g:q\xb9\xa6\x8c{DO\xa7\xb6\x92\x87Y;\x86\xbe\x9e\x8bp:'
    b'`\xb6\xaf\x8e\x81IB\x9c\xbd\x97\x89a5w\xbf\xa6\x8dw;Q\xb0\xb7\x91\x85P8\x90\xc3\x9d\x8bi2h\xbf\xae\x8e}>D\xa9\xbf\x95\x88V0\x84\xc6\xa3\x8do0[\xbd\xb5\x90\x81B:\xa1\xc5\x99\x8a[+'
    b"y\xc8\xa9\x8et0P\xb9\xbc\x92\x84F2\x99\xc9\x9d\x8ca(o\xc9\xae\x8fx2G\xb5\xc1\x94\x86I-\x92\xcc\xa0\x8de'g\xc8\xb2\x90{4B\xb1\xc3\x96\x88M+\x8d\xcc\xa2\x8dh(c\xc6\xb4\x90}7?"
    b'\xae\xc4\x96\x88P+\x89\xcc\xa3\x8dj*a\xc4\xb4\x90}9?\xac\xc3\x96\x88R-\x88\xca\xa2\x8dj,b\xc2\xb2\x8f};B\xab\xc1\x95\x88S0\x89\xc7\xa0\x8cj0e\xc0\xaf\x8e}=F\xab\xbd\x93\x87S5\x8c'
    b'\xc3\x9d\x8bi3j\xbe\xab\x8d{>M\xac\xb8\x91\x86R;\x90\xbf\x9a\x8ag7q\xbc\xa6\x8cy?T\xae\xb3\x8f\x84PA\x96\xbb\x96\x89d:y\xbb\xa1\x8bu@]\xb0\xad\x8e\x81NH\x9c\xb6\x93\x88`>\x82\xb9'
    b'\x9c\x8aq?f\xb3\xa8\x8c~JP\xa3\xb2\x90\x86ZB\x8b\xb8\x98\x89k?q\xb5\xa2\x8byFY\xaa\xad\x8e\x83SG\x96\xb6\x94\x88c?}\xb8\x9d\x8asAd\xb1\xa9\x8c\x7fKO\xa2\xb3\x91\x86ZA\x8c\xb9\x98'
    b'\x89j<r\xb8\xa3\x8bxBY\xae\xaf\x8e\x82NF\x9b\xb9\x94\x88^;\x83\xbd\x9d\x8bn9h\xb9\xa9\x8d{AP\xac\xb5\x90\x85O>\x96\xbe\x97\x89`5|\xc1\xa2\x8cq6`\xba\xaf\x8e~@H\xab\xbb\x93\x86'
    b'O7\x94\xc3\x9a\x8ba0x\xc4\xa6\x8dq2[\xbd\xb3\x8f~=C\xac\xbf\x94\x87M3\x93\xc7\x9c\x8b`,w\xc7\xa7\x8dq/Z\xbf\xb4\x90~:B\xaf\xc0\x94\x86J1\x96\xc8\x9c\x8b]*z\xca\xa7\x8dn,'
    b'^\xc2\xb3\x90|7E\xb3\xbf\x93\x85F4\x9c\xc7\x9a\x8aY+\x81\xca\xa3\x8dj+f\xc5\xaf\x8fx4M\xb8\xba\x91\x82B;\xa4\xc3\x96\x89S0\x8c\xc7\x9e\x8cd-r\xc5\xa8\x8ds3Z\xbc\xb2\x8f~>F\xac'
    b'\xbc\x92\x85M9\x98\xc1\x98\x8a]3\x81\xc2\xa0\x8cl4j\xbe\xa9\x8dx;V\xb3\xb2\x8f\x81GF\xa4\xb9\x92\x86U<\x91\xbd\x98\x89c9|\xbd\x9f\x8bp;h\xb7\xa7\x8czBW\xad\xaf\x8e\x81MJ\x9f\xb5\x91'
    b'\x86YA\x8f\xb8\x96\x89e>}\xb8\x9c\x8ap@k\xb4\xa4\x8bzF[\xac\xab\x8d\x81OO\xa0\xb1\x8f\x85YF\x91\xb5\x94\x88dB\x81\xb6\x99\x89nAq\xb4\xa0\x8awEa\xae\xa7\x8c~LT\xa4\xae\x8e\x83U'
    b'J\x98\xb3\x92\x87^C\x8a\xb6\x97\x89h@z\xb7\x9d\x8arAj\xb4\xa4\x8bzE[\xad\xab\x8d\x80KN\xa3\xb2\x90\x85TD\x97\xb8\x94\x88^=\x88\xbb\x99\x8ag:x\xbb\xa0\x8bq;h\xb8\xa7\x8cy?X\xb2'
    b'\xaf\x8e\x7fEK\xa8\xb7\x91\x84N@\x9c\xbd\x95\x88X8\x8d\xc1\x9a\x8ab4}\xc2\xa1\x8cl3l\xc0\xa8\x8dt6[\xbb\xb0\x8e|;M\xb2\xb8\x91\x82C@\xa7\xbe\x94\x86M7\x99\xc3\x98\x89W0\x8a\xc6\x9e\x8b'
    b'a-y\xc7\xa4\x8dk.i\xc4\xab\x8et1Y\xbe\xb2\x8f{8K\xb6\xb9\x91\x81@@\xab\xbf\x94\x86I7\x9e\xc4\x97\x89S1\x90\xc6\x9c\x8b].\x81\xc7\xa1\x8cg.r\xc5\xa7\x8do0d\xc1\xad\x8ew5W'
    b'\xba\xb2\x8f}<L\xb2\xb7\x90\x82DB\xa8\xbc\x92\x85L<\x9c\xbf\x95\x88U7\x90\xc0\x99\x8a^5\x84\xc0\x9c\x8bf6x\xbf\xa1\x8bn8m\xbc\xa5\x8ct;b\xb7\xa9\x8cz@Y\xb1\xad\x8d~FQ\xaa\xb1\x8e'
    b'\x82LK\xa2\xb3\x90\x84SF\x9a\xb6\x92\x86ZC\x91\xb7\x94\x88`A\x88\xb7\x97\x89g@\x7f\xb7\x9a\x89lAv\xb5\x9d\x8arCn\xb3\xa0\x8avEf\xb0\xa3\x8bzH_\xac\xa7\x8b~LY\xa7\xaa\x8c\x80PS'
    b'\xa2\xac\x8d\x83TO\x9c\xaf\x8f\x85YK\x96\xb1\x90\x86]G\x90\xb3\x92\x87bE\x89\xb4\x95\x88fC\x82\xb5\x97\x89jB{\xb5\x9a\x89nAt\xb5\x9d\x8arAn\xb4\xa1\x8auBg\xb3\xa4\x8bxC`\xb1\xa8\x8c'
    b'{EZ\xae\xab\x8d~GT\xab\xae\x8e\x80IO\xa8\xb2\x8f\x82LI\xa4\xb5\x90\x84OE\x9f\xb8\x92\x86R@\x9a\xba\x93\x87U=\x95\xbd\x95\x88X9\x90\xbf\x97\x89\\7\x8a\xc0\x9a\x8a_5\x84\xc2\x9c\x8bb3\x7f'
    b'\xc2\x9f\x8bf2y\xc3\xa1\x8ci1s\xc3\xa4\x8cl1n\xc2\xa6\x8do2h\xc1\xa9\x8dr2c\xc0\xab\x8dt3^\xbf\xad\x8ew5Z\xbd\xaf\x8ey7V\xbb\xb1\x8e{8R\xb8\xb3\x8f|:O\xb6\xb5\x8f~'
    b'=L\xb3\xb6\x90\x7f?I\xb0\xb7\x90\x81AG\xad\xb8\x90\x82DE\xab\xb9\x91\x83FD\xa8\xb9\x91\x84IC\xa5\xba\x91\x84KB\xa2\xba\x92\x85MA\xa0\xba\x92\x85PA\x9e\xb9\x92\x86RA\x9b\xb9\x92\x86TA\x99\xb9'
    b'\x93\x86VA\x97\xb8\x93\x87WB\x95\xb8\x93\x87YB\x94\xb7\x93\x87ZC\x92\xb6\x93\x87\\C\x91\xb6\x93\x87]D\x90\xb5\x93\x87^E\x8f\xb4\x93\x87_E\x8e\xb4\x92\x87`F\x8e\xb3\x92\x87`G\x8d\xb2\x92\x87aG'
    b'\x8d\xb2\x92\x87aH\x8d\xb2\x92\x87aH\x8d\xb1\x92\x87aH\x8d\xb1\x92\x87aI\x8e\xb1\x91\x86aI\x8e\xb1\x91\x86`I\x8f\xb1\x91\x86`I\x90\xb1\x91\x86_I\x91\xb1\x91\x86^I\x92\xb1\x91\x86]I\x93\xb1\x91\x86'
    b'\\I\x94\xb2\x90\x86ZI\x96\xb2\x90\x85YI\x98\xb2\x90\x85WI\x9a\xb2\x90\x85UI\x9c\xb3\x90\x84SI\x9e\xb3\x8f\x84QJ\xa0\xb3\x8f\x83OJ\xa3\xb3\x8f\x83LK\xa6\xb2\x8f\x82JL\xa8\xb2\x8f\x81GN\xab\xb1'
    b'\x8e\x80EP\xae\xb1\x8e~BR\xb1\xb0\x8e}@T\xb3\xaf\x8e{=W\xb6\xae\x8dz;Z\xb9\xac\x8dw9^\xbb\xab\x8du7b\xbd\xa9\x8ds5g\xbf\xa7\x8cp4k\xc0\xa5\x8cm3p\xc1\xa3\x8cj2v'
    b'\xc2\xa1\x8bg2{\xc3\x9e\x8bc3\x81\xc2\x9c\x8a`4\x87\xc2\x9a\x8a\\5\x8c\xc1\x98\x89Y7\x92\xbf\x96\x88U:\x98\xbe\x94\x87Q>\x9d\xbb\x93\x85NB\xa2\xb9\x91\x84KF\xa6\xb6\x90\x82HK\xab\xb2\x8e\x80E'
    b'Q\xae\xaf\x8d}CW\xb1\xab\x8d{A]\xb4\xa8\x8cx@d\xb5\xa4\x8bt?k\xb7\xa1\x8aq?r\xb7\x9d\x8am?y\xb7\x9a\x89i@\x80\xb6\x97\x88eB\x87\xb5\x94\x88aE\x8d\xb3\x92\x86]H\x93\xb1\x90\x85'
    b'ZL\x99\xae\x8e\x83VQ\x9e\xab\x8d\x81RV\xa3\xa8\x8b\x7fO\\\xa7\xa5\x8a|Mb\xaa\xa1\x8ayJi\xad\x9e\x89uIp\xaf\x9b\x89qHw\xb0\x98\x88mH\x7f\xb0\x95\x88hH\x86\xb0\x92\x87cJ\x8e\xaf\x90'
    b'\x86^M\x95\xad\x8e\x84YQ\x9c\xab\x8d\x82SV\xa2\xa8\x8c\x7fO\\\xa8\xa5\x8b|Jc\xad\xa2\x8awFj\xb1\x9e\x8arDs\xb4\x9b\x89mB}\xb5\x98\x89fB\x86\xb6\x95\x88`C\x90\xb5\x92\x86XG\x9a\xb3'
    b'\x90\x84QK\xa3\xb0\x8e\x81JR\xab\xad\x8d}D[\xb2\xa9\x8cx?e\xb7\xa4\x8br;p\xbb\x9f\x8bj9|\xbd\x9b\x8ab:\x88\xbd\x97\x88Z<\x94\xbb\x94\x86QA\xa0\xb8\x91\x83II\xaa\xb4\x8f\x7fBR\xb3'
    b'\xae\x8dz;^\xba\xa9\x8cs7k\xbe\xa3\x8bk5y\xc0\x9d\x8ab6\x87\xc0\x98\x89Y:\x95\xbd\x94\x86P@\xa2\xb9\x91\x83GJ\xac\xb3\x8e~@U\xb5\xac\x8dx;c\xba\xa6\x8cp8q\xbd\x9f\x8bh8\x80'
    b'\xbd\x99\x89^;\x8f\xbb\x94\x87UB\x9c\xb7\x90\x84MK\xa7\xb1\x8e\x7fFV\xaf\xaa\x8cyAd\xb5\xa3\x8br>r\xb8\x9c\x8aj?\x81\xb8\x97\x88aB\x8e\xb5\x92\x86YI\x9b\xb0\x8e\x83QR\xa5\xaa\x8c~K^'
    b'\xac\xa4\x8axGk\xb1\x9d\x89qEy\xb2\x97\x88iG\x86\xb1\x92\x87`K\x93\xae\x8e\x84XS\x9e\xa9\x8c\x80Q]\xa6\xa3\x8a{Li\xac\x9d\x89tJv\xaf\x97\x88lJ\x83\xaf\x92\x87dM\x90\xac\x8e\x84[S'
    b'\x9b\xa8\x8b\x80T]\xa5\xa2\x8a{Ni\xab\x9c\x89tJv\xae\x97\x88lJ\x84\xaf\x92\x86bM\x92\xac\x8e\x84YT\x9e\xa8\x8b\x80P^\xa8\xa2\x8ayJk\xae\x9c\x89qFz\xb2\x96\x88gG\x89\xb1\x91\x86]K'
    b'\x98\xae\x8e\x83RT\xa5\xa9\x8b}Ia\xaf\xa2\x8auCq\xb5\x9b\x89jA\x82\xb6\x95\x88_D\x94\xb4\x90\x85RL\xa3\xaf\x8d\x7fHY\xaf\xa7\x8bw@j\xb7\xa0\x8al<}\xba\x98\x89_>\x91\xb9\x93\x86RF'
    b'\xa3\xb3\x8f\x80FT\xb0\xab\x8cx=f\xb9\xa2\x8bl9{\xbd\x9a\x89_;\x90\xbb\x94\x86QD\xa3\xb5\x8f\x80ES\xb2\xac\x8dx<f\xbb\xa3\x8bl8|\xbe\x9a\x89^;\x92\xbb\x93\x86PF\xa5\xb4\x8f\x7fDV'
    b'\xb3\xaa\x8cv<j\xbb\xa0\x8bj:\x81\xbc\x98\x88\\?\x96\xb8\x91\x84NK\xa8\xaf\x8d}D]\xb3\xa5\x8bs>r\xb9\x9c\x89f>\x88\xb8\x94\x87YF\x9b\xb2\x8e\x82MT\xaa\xa9\x8bzEg\xb3\x9f\x8aoB|'
    b'\xb5\x96\x88bF\x90\xb2\x90\x84VP\xa1\xaa\x8c~L`\xac\xa1\x8auGt\xb1\x98\x88jG\x87\xb0\x91\x86]O\x99\xaa\x8c\x81S\\\xa6\xa2\x8ayLn\xad\x99\x88oJ\x81\xae\x92\x86cO\x93\xaa\x8d\x83XZ\xa1'
    b'\xa3\x8a|Oj\xaa\x9b\x88rL|\xad\x93\x87gN\x8f\xaa\x8d\x84[X\x9e\xa4\x8a}Qg\xa8\x9c\x88tLy\xad\x94\x87hM\x8c\xab\x8e\x84\\V\x9d\xa5\x8a~Qe\xa8\x9d\x89uKw\xae\x95\x87hK\x8b\xad'
    b'\x8f\x84[T\x9d\xa7\x8b~Oc\xaa\x9f\x89tHw\xb0\x96\x88gI\x8c\xaf\x8f\x85XQ\xa0\xa9\x8b~Lb\xad\xa0\x8asEx\xb3\x97\x88dF\x8f\xb2\x90\x84UP\xa3\xab\x8c}Gc\xb1\xa1\x8apA{\xb7\x97'
    b'\x88`C\x94\xb4\x90\x84PP\xa8\xab\x8czCf\xb5\xa0\x8al>\x80\xb9\x96\x88[C\x9a\xb4\x8f\x82JS\xae\xaa\x8cw>l\xb9\x9e\x8ag<\x88\xba\x94\x87UF\xa1\xb2\x8e\x7fEZ\xb3\xa7\x8br<u\xbb\x9b\x89'
    b'a>\x91\xb8\x92\x85OL\xa9\xae\x8d{Ac\xb7\xa2\x8bl<\x80\xba\x96\x88ZC\x9b\xb4\x8f\x81IU\xaf\xa8\x8bv?p\xb8\x9c\x89e?\x8c\xb7\x92\x85SL\xa4\xad\x8d}Eb\xb3\xa1\x8ao@~\xb6\x95\x88^'
    b'G\x98\xb0\x8e\x82NX\xab\xa5\x8awDq\xb3\x99\x88gE\x8c\xb1\x90\x85WR\xa2\xa8\x8b|Kg\xae\x9c\x89oG\x81\xb0\x92\x86_N\x98\xaa\x8c\x80Q`\xa8\x9f\x89uJw\xae\x95\x87gM\x8f\xab\x8d\x83X['
    b'\xa2\xa2\x89zNp\xab\x97\x88mM\x88\xab\x8e\x84^W\x9c\xa4\x8a}Ri\xa8\x99\x88qN\x81\xab\x90\x86cT\x96\xa5\x8a\x80Ud\xa5\x9c\x88uN{\xab\x92\x86fR\x91\xa7\x8b\x82X_\xa3\x9e\x89xOu\xab'
    b'\x94\x87iO\x8d\xa9\x8d\x83Z[\xa1\xa1\x89zOp\xab\x97\x87lM\x89\xac\x8e\x84[W\x9f\xa4\x8a|Nl\xac\x99\x88mJ\x86\xae\x90\x85\\S\x9e\xa7\x8b}Mg\xad\x9c\x89oG\x83\xb1\x92\x86\\O\x9d\xaa\x8c'
    b'~Ld\xae\x9e\x89oD\x81\xb3\x93\x87\\K\x9d\xad\x8c\x7fJa\xb0\xa0\x8apB\x7f\xb6\x94\x87[H\x9d\xaf\x8d\x7fH_\xb1\xa2\x8ao?~\xb7\x95\x87ZF\x9d\xb1\x8e\x7fG]\xb2\xa3\x8ao>~\xb9\x96\x88Y'
    b'E\x9e\xb1\x8e\x7fF^\xb4\xa3\x8bn=\x7f\xb9\x96\x87XF\xa0\xb1\x8e~D_\xb5\xa2\x8am=\x81\xb9\x95\x87WG\xa1\xb0\x8d}Db\xb5\xa1\x8ak>\x84\xb8\x94\x86UJ\xa3\xae\x8d|Df\xb5\x9f\x8aj@\x88'
    b'\xb6\x92\x85TN\xa5\xab\x8czDk\xb4\x9c\x89gC\x8c\xb3\x90\x84SS\xa7\xa7\x8bxEq\xb3\x98\x88eG\x91\xb0\x8e\x83QY\xa9\xa3\x8auGw\xb1\x95\x87bK\x95\xac\x8c\x81Q`\xaa\x9f\x89sI~\xaf\x92'
    b'\x86`Q\x9a\xa8\x8b~Pg\xab\x9a\x88oK\x85\xad\x8f\x85]V\x9e\xa3\x8a{Oo\xab\x96\x87kN\x8b\xaa\x8d\x83Y]\xa2\x9f\x89xOw\xab\x93\x86gR\x92\xa7\x8b\x81Vd\xa5\x9b\x88tN\x7f\xaa\x90\x85b'
    b'V\x99\xa3\x8a}Rl\xa8\x97\x87nO\x88\xaa\x8d\x84\\[\xa0\xa0\x89yOt\xab\x94\x87hP\x91\xa8\x8c\x81Ub\xa6\x9c\x88sL\x7f\xad\x91\x86`S\x9b\xa6\x8a}Ok\xac\x99\x88lK\x8a\xad\x8e\x83WY\xa5'
    b'\xa2\x8awIv\xb0\x95\x87bL\x97\xab\x8c\x80Nb\xad\x9e\x89oF\x84\xb2\x91\x85XQ\xa3\xa8\x8byFo\xb3\x99\x88dF\x93\xb1\x8e\x82M[\xae\xa3\x8aqA\x7f\xb6\x94\x87XK\xa2\xad\x8c{Dj\xb6\x9c\x89'
    b'eA\x91\xb5\x90\x83LV\xaf\xa6\x8br>|\xb9\x96\x87XG\xa1\xaf\x8d|Bg\xb7\x9e\x8ae?\x8f\xb7\x91\x83KT\xaf\xa7\x8br={\xba\x96\x88XF\xa2\xb0\x8d|Bg\xb7\x9e\x8ae?\x90\xb6\x90\x83KV'
    b'\xaf\xa6\x8bq>}\xb8\x95\x87WI\xa3\xae\x8c{Cj\xb6\x9c\x89dB\x93\xb3\x8f\x82LZ\xaf\xa3\x8apA\x81\xb5\x93\x86WN\xa4\xa9\x8byEp\xb4\x98\x88bH\x96\xae\x8d\x80Lb\xae\x9e\x89mF\x87\xb1\x90'
    b'\x84VV\xa6\xa4\x8avHx\xb1\x94\x87`O\x9a\xa8\x8b}Mk\xad\x98\x88jK\x8e\xac\x8d\x82U_\xa7\x9d\x89sK\x81\xad\x90\x85]W\x9f\xa2\x89zNt\xac\x93\x87fQ\x95\xa6\x8a\x7fSi\xa9\x98\x87mO'
    b'\x8a\xa9\x8c\x82Y`\xa4\x9d\x88tN\x7f\xaa\x8f\x85`X\x9d\xa1\x89zPt\xaa\x93\x86fR\x94\xa5\x8a\x7fSj\xa8\x97\x87mO\x8b\xa9\x8c\x82X`\xa5\x9c\x88sM\x81\xac\x8f\x85]X\x9f\xa1\x89yMw\xad\x93'
    b'\x86cQ\x99\xa7\x8a}Ol\xac\x97\x88iL\x90\xab\x8c\x81Qb\xab\x9d\x89nH\x87\xaf\x8f\x84VY\xa7\xa2\x8atG}\xb2\x92\x86ZP\xa2\xa7\x8byFr\xb3\x97\x88`J\x9b\xad\x8c}Hh\xb3\x9b\x89fD'
    b'\x92\xb1\x8e\x81K^\xb1\xa0\x8akA\x89\xb5\x91\x84OU\xad\xa5\x8bq?\x80\xb8\x94\x86TM\xa8\xaa\x8cv?v\xb9\x97\x88YG\xa2\xaf\x8d{Al\xb8\x9b\x89_B\x9a\xb3\x8e~Dc\xb7\x9f\x8ae?\x92\xb6\x8f'
    b'\x81H[\xb4\xa2\x8aj=\x8a\xb8\x91\x84LT\xb0\xa6\x8bo=\x82\xb8\x93\x86QO\xab\xa9\x8bt?z\xb8\x95\x87WK\xa5\xab\x8cxAs\xb7\x97\x88\\H\x9f\xad\x8c{Dm\xb5\x99\x88aF\x99\xaf\x8d~Hg'
    b'\xb2\x9b\x89fF\x93\xaf\x8d\x80Lc\xaf\x9d\x89jF\x8e\xaf\x8e\x82P_\xac\x9e\x89nG\x88\xaf\x8f\x83T\\\xa8\x9f\x89qI\x84\xae\x8f\x84XZ\xa5\xa0\x89tJ\x7f\xae\x90\x85[X\xa2\xa1\x89vL|\xad\x91\x85'
    b'^W\x9f\xa2\x89xNx\xac\x91\x86aV\x9c\xa2\x89zOv\xab\x92\x86cU\x99\xa3\x89{Ps\xaa\x93\x86eT\x97\xa4\x8a}Qq\xaa\x94\x87gS\x95\xa5\x8a}Rn\xaa\x95\x87hQ\x94\xa6\x8a~Rl\xaa'
    b'\x96\x87iP\x92\xa7\x8b\x7fRj\xaa\x97\x87iO\x91\xa8\x8b\x7fQi\xab\x98\x88jM\x91\xaa\x8c\x80Qg\xac\x99\x88jK\x90\xab\x8c\x80Pe\xad\x9a\x88jI\x90\xad\x8d\x80Od\xae\x9b\x89iH\x90\xae\x8d\x81M'
    b'c\xaf\x9c\x89iF\x90\xb0\x8e\x81Lb\xb0\x9d\x89hD\x91\xb1\x8e\x81Ja\xb2\x9e\x89gC\x92\xb2\x8e\x80Ia\xb3\x9e\x89fB\x93\xb3\x8e\x80Ga\xb5\x9e\x8aeA\x94\xb4\x8e\x80Fb\xb6\x9e\x8ad@\x96\xb4\x8e'
    b'\x7fDc\xb7\x9e\x89b@\x98\xb3\x8e~Ce\xb8\x9d\x89aA\x9a\xb3\x8e}Bg\xb8\x9c\x89_B\x9c\xb2\x8d|Bj\xb8\x9b\x89^D\x9e\xb0\x8d{An\xb8\x99\x88\\F\xa0\xae\x8czAq\xb7\x97\x88ZI\xa2'
    b'\xac\x8cxBu\xb6\x96\x87YM\xa4\xa9\x8bvBy\xb5\x94\x86WP\xa6\xa6\x8atD~\xb3\x92\x85VT\xa8\xa3\x8arE\x82\xb1\x90\x84TY\xa9\xa0\x89pG\x86\xaf\x8f\x83S^\xaa\x9d\x89nI\x8b\xad\x8d\x82R'
    b'c\xab\x9a\x88kL\x8f\xaa\x8c\x80Qh\xab\x98\x87iN\x93\xa8\x8b~Pm\xab\x95\x87fQ\x97\xa5\x8a|Ps\xab\x93\x86cU\x9b\xa2\x89zOx\xab\x91\x85`X\x9e\xa0\x89wO~\xaa\x8f\x84]\\\xa2\x9d\x88'
    b'tN\x84\xaa\x8d\x83Ya\xa5\x9b\x88pN\x8a\xa9\x8c\x81Vf\xa8\x98\x87lO\x90\xa8\x8b\x7fRk\xaa\x96\x87gP\x96\xa6\x8a|Nr\xad\x94\x86bS\x9c\xa4\x8ayKy\xae\x92\x86\\V\xa3\xa2\x89tI\x81\xaf'
    b'\x90\x84V[\xa8\x9f\x89oG\x89\xaf\x8e\x82Pa\xae\x9c\x89iG\x92\xae\x8d\x7fJh\xb2\x99\x88bI\x9b\xac\x8c{Eq\xb5\x96\x87[L\xa4\xa9\x8bvB|\xb6\x93\x86SR\xab\xa5\x8ao@\x87\xb6\x91\x83LZ'
    b'\xb2\xa1\x8ah@\x92\xb4\x8e\x7fEd\xb6\x9c\x89`C\x9d\xb0\x8d{@p\xb9\x98\x88WI\xa7\xac\x8ct=}\xb9\x94\x86OQ\xaf\xa6\x8bm=\x8a\xb7\x91\x82H\\\xb5\xa0\x8ae@\x96\xb3\x8e~Ci\xb8\x9a\x89\\'
    b'F\xa1\xae\x8cx@v\xb8\x95\x87TO\xaa\xa7\x8bq?\x84\xb6\x91\x83MZ\xb1\xa0\x8aiB\x92\xb2\x8e\x7fHg\xb4\x9a\x88`H\x9d\xac\x8byEu\xb4\x94\x86YQ\xa6\xa5\x8asE\x83\xb2\x90\x83R]\xac\x9e\x89'
    b'kH\x90\xad\x8c\x7fMj\xaf\x97\x87cN\x9b\xa7\x8ayJx\xaf\x92\x85[W\xa3\xa0\x89sK\x85\xac\x8e\x82Uc\xa9\x9a\x88kN\x91\xa8\x8b~Po\xab\x94\x86cT\x9c\xa2\x89xN}\xab\x8f\x84[^\xa4\x9c'
    b'\x88qN\x8a\xa8\x8c\x81Ui\xa9\x96\x87hR\x96\xa4\x89{Pv\xab\x91\x85_Y\xa0\x9e\x88tN\x84\xaa\x8d\x82Wd\xa7\x98\x87kP\x91\xa7\x8a~Pq\xab\x93\x86bU\x9e\xa2\x89vL\x7f\xac\x8f\x84X_\xa7'
    b'\x9c\x88mL\x8f\xaa\x8c\x7fOl\xad\x96\x87bP\x9d\xa5\x8axI|\xb0\x91\x85WZ\xa9\x9f\x89mG\x8d\xae\x8d\x80Lh\xb0\x98\x88aL\x9d\xa9\x8bxEz\xb4\x92\x85TV\xab\xa2\x8amC\x8d\xb2\x8e\x80Ie'
    b'\xb4\x9a\x88_H\x9f\xac\x8cxAy\xb7\x94\x86RS\xae\xa4\x8ak@\x8e\xb4\x8f\x80Fe\xb7\x9b\x89]F\xa2\xad\x8cv>{\xb9\x94\x85OS\xb0\xa4\x8ai>\x91\xb5\x8f\x7fCg\xb8\x9b\x89ZF\xa5\xad\x8ct='
    b'~\xb9\x93\x85LV\xb2\xa2\x8ag?\x95\xb3\x8e}Bl\xb8\x98\x88XJ\xa8\xaa\x8br>\x84\xb7\x91\x83J]\xb3\x9f\x89cC\x9a\xaf\x8czBs\xb7\x95\x86UQ\xaa\xa5\x8anB\x8b\xb3\x8e\x81Je\xb3\x9a\x88`'
    b'J\x9f\xaa\x8bwD|\xb3\x91\x84SZ\xac\x9f\x89jG\x92\xad\x8c}Jo\xb1\x95\x87]S\xa3\xa3\x89sH\x85\xae\x8e\x82Rd\xac\x99\x88fN\x99\xa6\x8azLz\xae\x90\x85Y\\\xa6\x9c\x88nM\x8e\xa9\x8b~'
    b'Po\xac\x93\x86aV\x9f\xa0\x89tM\x84\xaa\x8d\x82Vg\xa8\x96\x87hR\x97\xa3\x89zO{\xab\x8f\x84[_\xa4\x9a\x88nP\x8f\xa6\x8a~Qr\xaa\x92\x86`Y\xa0\x9e\x88sN\x88\xa9\x8c\x81Tj\xaa\x95\x87'
    b'eT\x9b\xa2\x89wM\x80\xac\x8e\x83Wb\xa8\x99\x88iO\x95\xa7\x8a{Lw\xae\x91\x85Z[\xa6\x9e\x88mK\x8f\xab\x8c~Lo\xaf\x94\x86]T\xa4\xa2\x89qG\x89\xaf\x8d\x81Mg\xb0\x98\x88`M\xa0\xa7\x8a'
    b'uD\x82\xb2\x90\x83N`\xb0\x9c\x89cH\x9c\xac\x8bxC{\xb5\x92\x85PY\xb0\xa0\x89fC\x97\xb0\x8d{Bt\xb7\x95\x86RR\xae\xa4\x8aj@\x92\xb3\x8e}Bm\xb8\x97\x87UM\xab\xa7\x8bm>\x8d\xb6\x8f'
    b'\x7fCh\xb8\x9a\x88XI\xa9\xaa\x8bp=\x88\xb7\x90\x81Ec\xb8\x9c\x89[F\xa5\xac\x8cs=\x84\xb8\x91\x82H_\xb6\x9d\x89^E\xa2\xad\x8cu>\x80\xb8\x92\x83K\\\xb4\x9e\x89aE\x9e\xad\x8cw@}\xb7\x92'
    b'\x84N[\xb1\x9e\x89dE\x9b\xad\x8cxCz\xb5\x92\x84QZ\xaf\x9e\x89fG\x99\xac\x8byFy\xb3\x92\x85T[\xac\x9d\x89hI\x96\xaa\x8bzHx\xb1\x91\x85V\\\xaa\x9d\x88jK\x95\xa9\x8b{Kx\xaf\x91'
    b'\x85X]\xa8\x9c\x88kM\x94\xa7\x8a{Mx\xad\x90\x84Y^\xa6\x9a\x88kO\x93\xa6\x8a{Ny\xab\x8f\x84Z`\xa6\x9a\x88kP\x94\xa5\x8a{Oz\xab\x8f\x84Za\xa6\x99\x87kQ\x94\xa4\x89zO{\xaa\x8e'
    b'\x84Yb\xa6\x98\x87jR\x96\xa4\x89yN}\xab\x8e\x83Xc\xa8\x98\x87hR\x98\xa3\x89xM\x7f\xac\x8e\x83Ue\xaa\x97\x87eQ\x9b\xa4\x89vK\x82\xad\x8e\x82Rg\xac\x97\x87bQ\x9f\xa4\x89tH\x86\xae\x8d'
    b'\x81Ni\xaf\x96\x87^Q\xa3\xa3\x8aqF\x8b\xaf\x8d\x7fJl\xb2\x96\x87ZR\xa8\xa3\x8amD\x90\xb0\x8d}Fq\xb5\x95\x86UT\xad\xa2\x8aiC\x96\xaf\x8czBw\xb7\x93\x85OX\xb1\xa0\x89dC\x9c\xae\x8c'
    b'w?}\xb8\x92\x84J]\xb5\x9e\x89^E\xa3\xac\x8cs=\x85\xb7\x90\x81Fd\xb8\x9b\x88YI\xa9\xa9\x8bn=\x8d\xb6\x8f~Bl\xb9\x98\x87SO\xae\xa5\x8ai?\x95\xb3\x8d{@u\xb9\x94\x85NV\xb2\xa1\x8a'
    b'cC\x9d\xae\x8cv?\x7f\xb7\x91\x83J_\xb5\x9c\x89]I\xa4\xa9\x8bq@\x89\xb4\x8f\x80Gj\xb5\x97\x87XP\xa9\xa3\x8alD\x92\xaf\x8c|Ft\xb4\x93\x85TZ\xad\x9e\x89fI\x9a\xa9\x8bwF\x7f\xb1\x8f\x82'
    b'Pd\xae\x98\x87aP\xa1\xa3\x89rI\x89\xad\x8c\x7fNo\xae\x93\x86\\Y\xa6\x9d\x88lM\x93\xa8\x8a{Mz\xad\x8f\x84Wb\xa9\x98\x87fR\x9b\xa2\x89vM\x85\xaa\x8c\x80Sm\xaa\x93\x86`Y\xa1\x9d\x88p'
    b'O\x8f\xa6\x8a|Px\xab\x8f\x84Zb\xa6\x98\x87iS\x98\xa2\x89wN\x83\xa9\x8c\x81Tl\xaa\x93\x86aY\xa1\x9d\x88pN\x8f\xa7\x8a|Ox\xac\x8f\x84Ya\xa8\x98\x87gQ\x9a\xa3\x89vL\x84\xac\x8d\x81Q'
    b'l\xad\x94\x86^W\xa4\x9f\x89mK\x92\xa9\x8b{Jy\xb0\x90\x84Sa\xad\x9a\x88cN\x9f\xa5\x8asF\x89\xaf\x8d\x7fJn\xb2\x94\x86WV\xab\xa0\x89hG\x98\xac\x8bxC~\xb4\x90\x83Lc\xb3\x9a\x88[M'
    b'\xa7\xa6\x8amA\x90\xb2\x8d|Ct\xb7\x94\x85OY\xb2\x9f\x89`E\xa2\xac\x8br>\x88\xb6\x8f\x80Dj\xb8\x97\x87SP\xaf\xa4\x8af@\x9b\xb0\x8cw=\x7f\xb9\x91\x82Gb\xb8\x9b\x88XJ\xab\xa8\x8bk>\x94'
    b'\xb3\x8d{?w\xb9\x93\x85K[\xb5\x9e\x89]G\xa6\xaa\x8bo>\x8d\xb5\x8e~Bp\xb8\x95\x86PW\xb1\xa0\x89bE\xa0\xab\x8bs@\x87\xb4\x8f\x80Fk\xb6\x96\x87UT\xad\xa0\x89fF\x9b\xab\x8bvC\x82\xb3'
    b'\x8f\x81Kh\xb2\x96\x87ZT\xa8\xa1\x89jH\x96\xaa\x8byG~\xb0\x8f\x82Og\xaf\x96\x87^T\xa4\xa0\x89mJ\x92\xa9\x8bzK|\xae\x8f\x83Sf\xac\x96\x87aU\xa1\x9f\x88oM\x90\xa8\x8a{Nz\xac\x8e'
    b'\x83Vf\xaa\x96\x87cV\x9f\x9e\x88qN\x8e\xa7\x8a|Oz\xab\x8e\x83Wf\xa8\x95\x87dW\x9e\x9e\x88qO\x8e\xa6\x8a|Pz\xaa\x8e\x83Wf\xa8\x95\x87dW\x9f\x9e\x88qO\x8f\xa7\x8a|Oz\xab\x8e\x83'
    b'Vf\xaa\x95\x87bV\xa1\x9f\x88oM\x90\xa8\x8a{L|\xad\x8e\x83Sg\xac\x96\x87_U\xa3\x9f\x89mK\x93\xa9\x8byI~\xaf\x8f\x82Ph\xaf\x96\x87\\T\xa7\xa0\x89jH\x97\xaa\x8bwE\x81\xb2\x8f\x81K'
    b'j\xb3\x96\x87WU\xac\xa0\x89fG\x9c\xab\x8buB\x86\xb3\x8e\x7fFm\xb6\x95\x86RV\xb0\x9f\x89bF\xa2\xab\x8bq?\x8c\xb4\x8e}Br\xb8\x94\x85MZ\xb4\x9e\x89\\H\xa7\xa9\x8bm>\x92\xb3\x8dz?y'
    b'\xb9\x92\x83H`\xb7\x9b\x88WK\xad\xa6\x8ah?\x9a\xb1\x8cv=\x81\xb8\x91\x81Dh\xb9\x98\x87RR\xb1\xa2\x8abC\xa0\xad\x8br>\x8a\xb5\x8e~Bq\xb8\x94\x85NZ\xb3\x9d\x89]I\xa6\xa7\x8amA\x93\xb0'
    b'\x8czB{\xb5\x91\x83Kd\xb4\x98\x87XR\xab\xa1\x89hG\x9a\xaa\x8buD\x85\xb1\x8e\x7fIo\xb2\x93\x85T\\\xad\x9b\x88bN\xa1\xa4\x89pH\x8f\xab\x8b{I{\xaf\x8f\x83Qg\xae\x95\x86]W\xa5\x9d\x88'
    b'jN\x97\xa5\x89vK\x85\xab\x8c\x7fOr\xad\x91\x84Ya\xa8\x97\x87eU\x9e\x9f\x88pN\x90\xa6\x8azN~\xaa\x8d\x82Tl\xaa\x92\x85^]\xa4\x99\x87jS\x99\xa1\x89uN\x89\xa8\x8b}Px\xab\x8e\x83X'
    b'g\xa9\x95\x86bY\xa1\x9c\x88mP\x95\xa4\x89wM\x84\xaa\x8c\x7fQr\xac\x90\x84Ya\xa9\x97\x87dT\xa0\xa0\x88oM\x91\xa7\x8ayK\x80\xad\x8d\x81Pm\xae\x93\x85Y\\\xaa\x9b\x88eO\x9f\xa3\x89pH\x8f'
    b'\xac\x8b{H|\xb1\x8f\x82Nh\xb1\x95\x86XW\xab\x9e\x89eJ\x9f\xa7\x8aqD\x8e\xb0\x8c{Ey\xb4\x91\x83Kd\xb4\x98\x87WR\xad\xa1\x89dF\x9f\xab\x8bq@\x8d\xb3\x8d|Aw\xb8\x92\x83Ib\xb6\x99'
    b'\x88UP\xaf\xa3\x8acC\xa0\xad\x8bq>\x8d\xb5\x8e|?w\xb9\x93\x83Ha\xb8\x9a\x88TO\xb0\xa3\x8abB\xa1\xad\x8bp=\x8e\xb5\x8e{?x\xb9\x92\x83Gc\xb8\x99\x88SQ\xb0\xa2\x8aaD\xa3\xab\x8bo'
    b'?\x90\xb3\x8dz@{\xb7\x91\x82Gg\xb7\x97\x87SU\xb0\x9f\x89`H\xa4\xa8\x8anB\x93\xaf\x8cyC\x80\xb4\x8f\x81Il\xb4\x94\x86S[\xaf\x9b\x88_N\xa5\xa3\x89lG\x96\xaa\x8bwF\x84\xaf\x8d\x7fKr'
    b'\xb1\x91\x84Sb\xad\x97\x87^U\xa5\x9e\x88jM\x99\xa5\x89tJ\x8a\xab\x8b}My\xad\x8e\x82Si\xac\x93\x86]\\\xa6\x9a\x87gR\x9c\xa0\x88qN\x8f\xa6\x8azN\x80\xaa\x8c\x80Rq\xab\x90\x84Zc\xa8\x96'
    b'\x87cX\xa0\x9c\x88mQ\x95\xa3\x89vN\x88\xa8\x8b}Py\xab\x8e\x82Vj\xaa\x93\x86^]\xa5\x99\x87hT\x9c\xa0\x88qN\x90\xa6\x8ayM\x81\xab\x8c\x80Pr\xac\x90\x84Wc\xaa\x96\x87`W\xa4\x9d\x88j'
    b'N\x9a\xa4\x89sJ\x8c\xab\x8b{J|\xaf\x8e\x81Ol\xb0\x93\x85V]\xac\x9a\x88`P\xa4\xa2\x89kH\x98\xa9\x8auE\x89\xb0\x8d}Fx\xb3\x91\x83Lf\xb3\x96\x87UW\xaf\x9e\x89`K\xa5\xa6\x8akC\x98'
    b'\xae\x8cu@\x87\xb4\x8e}Cu\xb7\x92\x84Jc\xb6\x98\x87SS\xb1\xa0\x89_G\xa6\xa9\x8bk?\x98\xb0\x8cu=\x86\xb6\x8f~At\xb9\x93\x84Ha\xb8\x99\x87RR\xb2\xa1\x8a^F\xa7\xa9\x8bj?\x99\xb1\x8c'
    b'u=\x87\xb6\x8f}@u\xb9\x93\x83Hc\xb8\x98\x87RT\xb2\x9f\x89^H\xa8\xa7\x8aiA\x9a\xae\x8ct?\x8a\xb4\x8e|By\xb6\x91\x82Ih\xb5\x96\x86RY\xb1\x9c\x88]N\xa8\xa3\x89hG\x9c\xa9\x8arD'
    b'\x8d\xaf\x8czF~\xb2\x8f\x81Kn\xb2\x93\x85S`\xaf\x98\x87]U\xa8\x9e\x88gM\x9e\xa4\x89pJ\x91\xa9\x8axJ\x84\xad\x8c\x7fMv\xae\x8f\x83Sh\xac\x94\x86[]\xa8\x99\x87dT\xa0\x9e\x88mO\x96\xa4'
    b'\x89uM\x8a\xa8\x8a|O}\xab\x8d\x81Sp\xab\x90\x84Ye\xa8\x95\x86a[\xa3\x9a\x87iT\x9b\x9f\x88qO\x91\xa4\x89xN\x85\xa8\x8b~Py\xab\x8e\x82Tm\xab\x91\x85[a\xa8\x96\x87bX\xa2\x9c\x88j'
    b'Q\x9a\xa2\x89rM\x8f\xa7\x8ayL\x83\xab\x8c~Nv\xad\x8f\x83Si\xad\x93\x86Y]\xaa\x99\x87aS\xa4\x9f\x89iL\x9b\xa5\x8aqH\x90\xab\x8byG\x83\xb0\x8d\x7fIu\xb2\x91\x83Ng\xb2\x95\x86UZ\xaf'
    b'\x9b\x88]O\xa8\xa2\x89fG\x9f\xa9\x8aoB\x93\xaf\x8cwA\x84\xb4\x8e~Cu\xb7\x92\x83Ig\xb7\x96\x86PY\xb4\x9c\x88YM\xad\xa3\x8acD\xa3\xaa\x8bl?\x97\xb1\x8cu=\x89\xb6\x8e|?y\xb9\x91\x82'
    b'Dj\xb9\x96\x86K\\\xb7\x9b\x88TP\xb1\xa1\x8a^F\xa8\xa8\x8bh@\x9d\xae\x8cq=\x8f\xb4\x8dy>\x80\xb7\x90\x7fBr\xb9\x93\x84Ic\xb7\x98\x87QW\xb3\x9d\x89ZM\xac\xa3\x8adF\xa2\xa9\x8amB\x96'
    b'\xae\x8buA\x89\xb2\x8d|D|\xb4\x8f\x81Hn\xb4\x93\x84Ob\xb2\x97\x87WX\xad\x9c\x88`P\xa6\xa1\x89hJ\x9d\xa6\x8apH\x92\xaa\x8bwH\x86\xad\x8c}Jz\xaf\x8e\x81Oo\xaf\x91\x84Ud\xac\x95\x86'
    b'\\\\\xa8\x99\x87cU\xa2\x9e\x88kP\x9a\xa2\x89rM\x90\xa6\x89xM\x86\xa9\x8b}O|\xab\x8d\x81Rq\xab\x8f\x84Wh\xa9\x93\x85]_\xa6\x97\x87dX\xa1\x9b\x88jS\x9a\xa0\x88qP\x92\xa4\x89vN\x89'
    b'\xa7\x8a{O\x7f\xaa\x8c\x80Qu\xab\x8e\x83Uk\xab\x92\x85Zb\xa9\x96\x86`Z\xa5\x9a\x88fS\x9f\x9f\x88mN\x98\xa4\x89sK\x8f\xa8\x8axJ\x85\xac\x8c}Kz\xaf\x8e\x81No\xb0\x91\x84Re\xaf\x95\x86'
    b'X[\xac\x9a\x88^S\xa8\x9f\x89eL\xa1\xa4\x8alG\x99\xaa\x8arD\x8f\xaf\x8cxC\x84\xb2\x8e}Ex\xb5\x90\x82Hl\xb6\x94\x85Ma\xb5\x98\x87SV\xb2\x9d\x89ZM\xac\xa2\x8abF\xa5\xa8\x8biA\x9c'
    b'\xae\x8bp>\x91\xb2\x8dw>\x86\xb6\x8e|?z\xb9\x91\x81Cm\xb9\x94\x84Hb\xb8\x98\x87OW\xb5\x9d\x89VN\xb0\xa2\x8a^G\xa9\xa7\x8afA\xa0\xac\x8bm>\x96\xb1\x8ct>\x8b\xb4\x8dz?\x80\xb7\x8f\x7f'
    b'Bt\xb8\x92\x82Gi\xb7\x95\x85M_\xb5\x99\x87TV\xb1\x9d\x88[O\xab\xa1\x89bI\xa4\xa5\x8ajF\x9c\xa9\x8apD\x93\xad\x8bvD\x89\xb0\x8c{F\x7f\xb1\x8e\x7fIu\xb2\x90\x82Nk\xb1\x93\x85Sc\xaf'
    b'\x96\x86Y\\\xab\x99\x87_U\xa6\x9c\x88fQ\xa0\xa0\x88lN\x9a\xa3\x89qL\x92\xa6\x8avL\x8a\xa9\x8a{M\x81\xab\x8c~Oy\xac\x8d\x81Rq\xab\x8f\x83Vi\xaa\x92\x85[b\xa8\x95\x86`\\\xa5\x98\x87e'
    b'W\xa1\x9b\x88jS\x9b\x9f\x88oP\x95\xa2\x89tO\x8f\xa5\x89xN\x87\xa8\x8a|O\x80\xaa\x8c\x7fPx\xab\x8d\x81Sp\xac\x90\x84Vh\xab\x93\x85Za\xaa\x96\x86^[\xa7\x99\x87cU\xa3\x9d\x88hP\x9e\xa1'
    b'\x89mL\x99\xa5\x89qJ\x92\xa9\x8avH\x8a\xac\x8bzH\x82\xaf\x8d}Iz\xb1\x8f\x81Kq\xb2\x91\x83Ni\xb2\x94\x85Qa\xb1\x97\x87VY\xaf\x9b\x88[R\xac\x9f\x89`L\xa8\xa3\x8aeG\xa2\xa8\x8akC'
    b'\x9b\xac\x8bp@\x93\xb0\x8cu?\x8b\xb3\x8dy?\x82\xb6\x8f}Ay\xb8\x91\x80Cp\xb9\x93\x83Gg\xb9\x96\x85K^\xb7\x99\x87PV\xb5\x9d\x88UO\xb1\xa1\x89[I\xad\xa4\x8aaE\xa7\xa8\x8bgA\xa0\xac\x8b'
    b'l?\x99\xb0\x8cr>\x91\xb3\x8dv>\x88\xb5\x8ez?\x80\xb7\x8f~Bw\xb8\x91\x81Eo\xb7\x93\x83Ig\xb7\x95\x85N`\xb5\x98\x87SY\xb2\x9b\x88XS\xae\x9e\x89^O\xaa\xa1\x89cK\xa4\xa4\x89hH\x9e'
    b'\xa6\x8amG\x98\xa9\x8arF\x91\xab\x8bvF\x8b\xad\x8byH\x84\xae\x8c}J}\xaf\x8d\x7fLv\xaf\x8f\x81Op\xae\x90\x83Sj\xad\x92\x85Vd\xac\x94\x86[_\xa9\x96\x86_[\xa6\x98\x87cW\xa3\x9b\x87g'
    b'T\x9f\x9d\x88kR\x9b\xa0\x88oP\x96\xa2\x88rO\x91\xa4\x89vN\x8c\xa6\x89yN\x87\xa8\x8a{O\x81\xa9\x8b~P|\xaa\x8c\x80Qv\xab\x8e\x82Sq\xab\x8f\x83Vk\xab\x91\x84Xf\xaa\x93\x85[a\xa9\x95'
    b'\x86^\\\xa7\x98\x87aX\xa5\x9b\x88eT\xa2\x9d\x88hP\x9f\xa0\x88kM\x9b\xa3\x89oK\x97\xa6\x89rI\x92\xa9\x8auH\x8d\xab\x8bxG\x87\xae\x8c{G\x82\xb0\x8d}G|\xb2\x8e\x7fHv\xb3\x90\x81Io'
    b'\xb4\x92\x83Ki\xb4\x94\x85Nc\xb4\x96\x86P]\xb4\x99\x87SX\xb2\x9b\x88WS\xb0\x9e\x89ZN\xae\xa1\x89^J\xaa\xa4\x8abF\xa7\xa7\x8afC\xa2\xaa\x8bj@\x9e\xad\x8bm?\x98\xb0\x8cq=\x93\xb2\x8ct'
    b'=\x8d\xb4\x8dw=\x87\xb6\x8ez>\x81\xb7\x8f}?{\xb8\x90\x7fAu\xb9\x91\x81Co\xb9\x93\x83Fi\xb9\x94\x84Id\xb8\x96\x86L_\xb6\x98\x87PZ\xb5\x9a\x87SV\xb2\x9c\x88WS\xb0\x9e\x89[O\xad\xa0'
    b'\x89_M\xa9\xa2\x89cJ\xa5\xa4\x89fI\xa1\xa5\x8ajG\x9d\xa7\x8amG\x99\xa8\x8apF\x95\xaa\x8asG\x90\xab\x8bvG\x8c\xac\x8bxH\x87\xac\x8bzI\x83\xad\x8c|K\x7f\xad\x8c~Lz\xad\x8d\x80Nv'
    b'\xad\x8e\x81Ps\xad\x8f\x82Ro\xac\x90\x83Tk\xac\x91\x84Wh\xab\x92\x85Ye\xaa\x93\x85[b\xa8\x94\x86^_\xa7\x96\x86`]\xa5\x97\x87cZ\xa4\x99\x87eX\xa2\x9a\x87gV\xa0\x9c\x87iT\x9e\x9d\x88k'
    b'R\x9b\x9f\x88mQ\x99\xa1\x88oO\x96\xa2\x89qN\x94\xa4\x89sM\x91\xa6\x89uL\x8e\xa7\x8awK\x8b\xa9\x8axK\x88\xaa\x8bzJ\x84\xac\x8b|J\x81\xad\x8c}J~\xae\x8d~Jz\xb0\x8e\x80Kv\xb1\x8f'
    b'\x81Ks\xb2\x90\x82Lo\xb2\x91\x83Lk\xb3\x92\x84Mh\xb3\x94\x85Nd\xb4\x95\x85Pa\xb4\x97\x86Q]\xb3\x98\x87SZ\xb3\x9a\x87TV\xb2\x9c\x88VS\xb1\x9d\x88XP\xb0\x9f\x89ZN\xaf\xa1\x89\\K\xad'
    b'\xa3\x8a^I\xab\xa4\x8a`F\xa9\xa6\x8abE\xa7\xa8\x8adC\xa5\xa9\x8bgA\xa2\xab\x8bi@\xa0\xac\x8bk?\x9d\xad\x8bm?\x9a\xaf\x8co>\x97\xb0\x8cq>\x94\xb1\x8cr>\x92\xb2\x8ct>\x8f\xb2\x8cv?'
    b'\x8c\xb3\x8dw?\x89\xb3\x8dy@\x86\xb4\x8dzA\x83\xb4\x8e{B\x80\xb4\x8e}C~\xb4\x8e~E{\xb3\x8f\x7fFy\xb3\x8f\x80Hv\xb3\x8f\x80It\xb2\x90\x81Kr\xb2\x90\x82Lp\xb1\x90\x82Nn\xb0\x91\x83'
    b'Pl\xb0\x91\x83Qj\xaf\x91\x84Si\xae\x92\x84Ug\xad\x92\x85Vf\xac\x93\x85Xe\xab\x93\x85Yc\xaa\x94\x85Zb\xaa\x94\x86\\a\xa9\x95\x86]`\xa8\x95\x86^_\xa7\x96\x86_^\xa6\x96\x86`]\xa6\x97'
    b'\x87a\\\xa5\x97\x87b[\xa4\x98\x87cZ\xa3\x99\x87dY\xa3\x99\x87eX\xa2\x9a\x87fW\xa2\x9b\x87fU\xa1\x9c\x88gT\xa1\x9c\x88hS\xa0\x9d\x88hR\x9f\x9e\x88iQ\x9f\x9f\x88iP\x9e\xa0\x88jO\x9e'
    b'\xa1\x89jN\x9d\xa2\x89kL\x9d\xa3\x89kK\x9c\xa4\x89lJ\x9c\xa5\x89lI\x9b\xa6\x8amH\x9b\xa7\x8amG\x9a\xa8\x8anF\x9a\xa9\x8anE\x99\xaa\x8aoD\x98\xab\x8boC\x98\xac\x8boB\x97\xad\x8bpA'
    b'\x96\xae\x8bp@\x96\xae\x8bq@\x95\xaf\x8cq?\x94\xb0\x8cr>\x94\xb1\x8cr>\x93\xb1\x8cr>\x92\xb2\x8cs=\x92\xb2\x8cs=\x91\xb2\x8cs=\x90\xb3\x8ct=\x90\xb3\x8dt=\x8f\xb3\x8du=\x8f\xb3\x8du'
    b'=\x8e\xb3\x8du=\x8d\xb3\x8du>\x8d\xb3\x8dv>\x8c\xb3\x8dv?\x8c\xb2\x8dv?\x8b\xb2\x8cw@\x8b\xb2\x8cwA\x8b\xb1\x8cwA\x8a\xb1\x8cwB\x8a\xb0\x8cwC\x8a\xb0\x8cxC\x89\xaf\x8cxD\x89\xaf\x8c'
    b'xE\x89\xae\x8bxF\x89\xad\x8bxG\x89\xad\x8bxG\x89\xac\x8bxH\x89\xac\x8bxI\x89\xab\x8bxJ\x89\xaa\x8byJ\x89\xaa\x8ayK\x89\xa9\x8ayL\x89\xa9\x8axL\x89\xa8\x8axM\x89\xa8\x8axM\x89\xa7'
    b'\x8axN\x8a\xa7\x8axN\x8a\xa7\x8axN\x8a\xa6\x89xN\x8a\xa6\x89xN\x8b\xa6\x89wN\x8b\xa6\x89wN\x8c\xa6\x89wN\x8c\xa6\x89wN\x8d\xa6\x89vN\x8d\xa6\x89vM\x8e\xa6\x89uM\x8f\xa6\x89uM\x8f'
    b'\xa6\x89tL\x90\xa6\x89tL\x91\xa6\x89sK\x92\xa6\x89sK\x93\xa7\x89rJ\x94\xa7\x8aqJ\x95\xa7\x8aqI\x96\xa7\x8apH\x97\xa7\x8aoH\x98\xa7\x8anG\x9a\xa7\x8amG\x9b\xa7\x8alF\x9c\xa8\x8akF'
    b'\x9e\xa7\x8ajF\x9f\xa7\x8aiF\xa0\xa7\x8ahE\xa2\xa7\x8agE\xa3\xa7\x8afE\xa5\xa7\x8aeF\xa6\xa6\x8acF\xa7\xa6\x8abF\xa9\xa5\x8aaG\xaa\xa5\x8a`G\xab\xa4\x8a^H\xac\xa4\x8a]I\xad\xa3\x8a\\'
    b'J\xae\xa2\x89[K\xaf\xa1\x89ZL\xb0\xa0\x89XN\xb1\xa0\x89WO\xb2\x9f\x89VQ\xb3\x9e\x88US\xb3\x9d\x88TT\xb4\x9c\x88SV\xb4\x9b\x87RX\xb4\x9a\x87QZ\xb4\x99\x87Q]\xb4\x98\x86P_\xb4\x97\x86'
    b'Oa\xb4\x96\x85Oc\xb4\x95\x85Nf\xb3\x94\x84Nh\xb3\x93\x84Nj\xb2\x92\x83Mm\xb2\x91\x83Mo\xb1\x90\x82Mq\xb0\x8f\x81Mt\xb0\x8f\x81Mv\xaf\x8e\x80Mx\xae\x8d\x7fM{\xad\x8d~M}\xac\x8c'
    b'}M\x7f\xab\x8b}M\x81\xaa\x8b|M\x83\xa9\x8b{M\x85\xa8\x8azN\x87\xa8\x8ayN\x8a\xa7\x89xN\x8c\xa6\x89vN\x8e\xa5\x89uO\x90\xa4\x89tO\x92\xa3\x89sO\x94\xa2\x88qP\x96\xa1\x88pP\x98\xa0'
    b'\x88nQ\x9a\xa0\x88mQ\x9c\x9f\x88kR\x9e\x9e\x88iS\xa0\x9d\x88gT\xa2\x9c\x88eU\xa4\x9b\x88cV\xa5\x9a\x87aW\xa7\x9a\x87_Y\xa9\x99\x87]Z\xab\x98\x87Z\\\xad\x97\x86X^\xae\x96\x86U`\xb0'
    b'\x95\x86Sb\xb1\x95\x85Qe\xb2\x94\x84Nh\xb3\x93\x84Lk\xb4\x92\x83Jn\xb5\x91\x82Hq\xb5\x91\x81Ft\xb6\x90\x80Dx\xb6\x8f~B|\xb6\x8f}A\x80\xb6\x8e{@\x83\xb5\x8ey?\x87\xb4\x8dw>\x8b'
    b'\xb3\x8du=\x8f\xb2\x8cs=\x93\xb1\x8cq>\x97\xb0\x8cn>\x9b\xae\x8bl?\x9e\xac\x8biA\xa2\xaa\x8bfB\xa5\xa8\x8adD\xa8\xa6\x8aaG\xab\xa4\x8a^I\xad\xa2\x89[L\xaf\xa0\x89YP\xb1\x9e\x88VS'
    b'\xb2\x9c\x88TW\xb3\x9a\x87R[\xb4\x98\x86P_\xb5\x96\x86Nc\xb5\x94\x85Lh\xb5\x93\x83Kl\xb4\x91\x82Jq\xb3\x90\x81Iu\xb2\x8f\x7fHy\xb1\x8e~H~\xb0\x8d|H\x82\xae\x8czH\x86\xad\x8byH'
    b'\x8a\xab\x8awI\x8e\xa9\x8auJ\x91\xa7\x89rK\x95\xa5\x89pM\x98\xa3\x89nO\x9b\xa1\x88lQ\x9d\x9e\x88iS\xa0\x9c\x88gV\xa2\x9a\x87dX\xa4\x99\x87b[\xa5\x97\x86`^\xa7\x95\x86]a\xa8\x93\x85['
    b'e\xa9\x92\x85Yh\xaa\x91\x84Wl\xaa\x8f\x83Up\xab\x8e\x82St\xab\x8d\x80Qx\xab\x8c\x7fO|\xab\x8c}N\x81\xaa\x8b{M\x85\xa9\x8ayL\x89\xa8\x8awK\x8e\xa7\x8atK\x92\xa6\x89qK\x96\xa5\x89n'
    b'L\x9b\xa3\x89kM\x9f\xa1\x89hN\xa2\xa0\x88dP\xa6\x9e\x88`S\xa9\x9c\x88]V\xad\x9a\x87YY\xaf\x98\x87U]\xb1\x97\x86Qa\xb3\x95\x85Nf\xb5\x93\x84Jk\xb6\x92\x82Gq\xb6\x91\x80Dw\xb6\x8f~'
    b'B}\xb6\x8e|@\x83\xb5\x8dy?\x89\xb4\x8dv>\x8f\xb2\x8cr>\x95\xb0\x8co?\x9a\xae\x8bk@\xa0\xab\x8bgB\xa5\xa8\x8acE\xa9\xa5\x8a^H\xad\xa2\x89ZM\xb1\xa0\x89VQ\xb4\x9d\x88RW\xb6\x9a\x87'
    b'N\\\xb7\x98\x86Kb\xb8\x95\x84Hi\xb8\x93\x83Ep\xb8\x91\x81Cv\xb7\x90~B}\xb5\x8e|A\x84\xb3\x8dyA\x8a\xb1\x8cuB\x90\xae\x8brC\x96\xab\x8aoE\x9b\xa8\x8akH\x9f\xa5\x89gK\xa3\xa2\x89'
    b'dO\xa7\x9e\x88`S\xaa\x9b\x88\\X\xac\x98\x87Y]\xad\x96\x86Vc\xae\x93\x85Ti\xae\x91\x83Qn\xae\x8f\x82Ot\xad\x8d\x80Nz\xac\x8c~M\x80\xab\x8b{M\x86\xa9\x8axM\x8b\xa6\x89uN\x90\xa4\x89'
    b'rO\x95\xa2\x88oQ\x9a\x9f\x88kS\x9e\x9c\x87hV\xa1\x9a\x87dZ\xa4\x97\x87a^\xa7\x95\x86]b\xa9\x93\x85Zg\xaa\x91\x84Vl\xab\x8f\x82Sr\xab\x8e\x81Qx\xab\x8c\x7fO~\xab\x8b|M\x84\xaa\x8a'
    b'yL\x8a\xa8\x8avK\x90\xa6\x89rL\x96\xa4\x89nM\x9b\xa2\x89jO\xa0\xa0\x88eQ\xa5\x9d\x88`U\xa9\x9a\x87\\Y\xad\x98\x87W^\xb0\x96\x86Rd\xb2\x93\x84Nk\xb3\x91\x82Jr\xb4\x90\x80Fy\xb4\x8e'
    b'}D\x81\xb3\x8dzB\x88\xb1\x8cvA\x90\xaf\x8bqA\x98\xac\x8blB\x9f\xa9\x8agE\xa5\xa6\x8aaH\xab\xa3\x89\\M\xb0\x9f\x89VR\xb4\x9c\x88QY\xb7\x99\x86L`\xb9\x96\x85Gi\xb9\x93\x82Cq\xb9\x91'
    b'\x7f@z\xb8\x8f|>\x83\xb6\x8ex=\x8b\xb4\x8dt=\x94\xb0\x8co?\x9b\xad\x8bjB\xa2\xa9\x8adF\xa8\xa5\x8a_K\xad\xa1\x89YQ\xb1\x9d\x88TX\xb4\x99\x87O_\xb5\x96\x85Kh\xb6\x93\x83Hp\xb5\x90'
    b'\x80Fy\xb4\x8e}D\x81\xb1\x8dyD\x89\xae\x8buE\x91\xab\x8aqG\x98\xa7\x8alJ\x9e\xa3\x89hN\xa3\x9f\x88cS\xa7\x9b\x88^X\xaa\x98\x87Z_\xac\x95\x85Vf\xad\x92\x84Sm\xae\x8f\x82Pu\xad\x8d'
    b'\x7fN}\xab\x8b|M\x84\xa9\x8ayM\x8b\xa6\x89uN\x92\xa3\x89qP\x98\xa0\x88lR\x9d\x9d\x88hV\xa1\x9a\x87c[\xa5\x96\x86_`\xa8\x93\x85Zf\xaa\x91\x84Wm\xab\x8f\x82St\xab\x8d\x80P|\xaa\x8b'
    b'}N\x83\xa9\x8ayM\x8a\xa7\x89uM\x92\xa4\x89qN\x98\xa1\x88lQ\x9e\x9e\x88fT\xa4\x9b\x87aY\xa8\x98\x87[^\xac\x95\x86Ve\xae\x92\x84Qm\xb0\x90\x82Mu\xb0\x8e\x7fI}\xaf\x8c{G\x86\xae\x8b'
    b'wE\x8f\xab\x8arF\x97\xa8\x8alG\x9f\xa5\x89fK\xa6\xa1\x89_O\xac\x9d\x88XV\xb1\x9a\x87R]\xb5\x96\x85Lf\xb7\x93\x83Go\xb7\x91\x80Bz\xb7\x8f|@\x84\xb5\x8dw>\x8e\xb2\x8cq>\x98\xae\x8b'
    b'kA\xa1\xaa\x8bdD\xa9\xa5\x8a]J\xaf\xa1\x89VQ\xb4\x9c\x88PZ\xb8\x98\x86Id\xb9\x94\x83Dn\xb9\x91\x80Ay\xb8\x8f|>\x84\xb5\x8dw>\x8f\xb2\x8cq?\x99\xad\x8bkB\xa1\xa8\x8adG\xa9\xa3\x89'
    b']M\xae\x9e\x88WU\xb2\x9a\x87Q^\xb5\x96\x85Lh\xb5\x92\x82Hs\xb5\x8f\x7fE}\xb2\x8d{D\x87\xaf\x8cvD\x91\xab\x8apG\x99\xa7\x89kJ\xa0\xa2\x89eP\xa6\x9d\x88_W\xab\x99\x87Y^\xad\x95\x85'
    b'Tg\xaf\x91\x83Pp\xae\x8e\x80Mz\xad\x8c}L\x83\xaa\x8byL\x8c\xa7\x89tM\x94\xa3\x89oP\x9b\x9f\x88iT\xa1\x9b\x87dY\xa5\x97\x86^`\xa8\x93\x85Yh\xaa\x90\x83Up\xab\x8e\x81Ry\xaa\x8c~'
    b'O\x82\xa8\x8azN\x8a\xa6\x89uO\x92\xa2\x88pQ\x9a\x9f\x88jT\xa0\x9b\x87dY\xa5\x97\x86^`\xa9\x94\x85Xg\xac\x91\x83Sp\xad\x8e\x81Oy\xac\x8c}L\x83\xab\x8byJ\x8c\xa8\x8asJ\x96\xa5\x89m'
    b'L\x9e\xa1\x89fP\xa5\x9d\x88_V\xab\x99\x87X^\xaf\x95\x85Qg\xb2\x92\x83Lq\xb3\x8f\x80G|\xb2\x8d{D\x87\xb0\x8cvC\x92\xac\x8boD\x9c\xa8\x8ahG\xa5\xa4\x89`M\xad\x9f\x88XU\xb3\x9a\x87P'
    b'^\xb6\x96\x85Ii\xb8\x92\x82Cu\xb8\x90}?\x82\xb6\x8dw>\x8e\xb2\x8cq>\x9a\xad\x8biA\xa4\xa8\x8aaG\xad\xa2\x89YO\xb3\x9d\x88PY\xb7\x98\x86Ie\xb9\x94\x83Cq\xb9\x91~?~\xb7\x8ey>'
    b'\x8b\xb3\x8cs>\x97\xae\x8bkA\xa1\xa8\x8acG\xaa\xa3\x89[O\xb0\x9d\x88TY\xb4\x98\x86Md\xb6\x93\x83Hq\xb6\x90\x7fD}\xb3\x8dzC\x89\xaf\x8btC\x94\xab\x8amG\x9e\xa5\x89fL\xa6\x9f\x88_T'
    b'\xab\x9a\x87X]\xaf\x95\x85Rh\xb0\x91\x83Ns\xb0\x8e\x7fK~\xad\x8czI\x89\xaa\x8auJ\x93\xa5\x89oN\x9c\xa0\x88hS\xa2\x9b\x87bZ\xa7\x96\x86[b\xab\x92\x84Vl\xac\x8f\x82Rv\xab\x8c~O\x81'
    b'\xa9\x8azN\x8b\xa6\x89tO\x94\xa2\x88nR\x9c\x9d\x88hW\xa2\x99\x87a^\xa7\x94\x85[f\xaa\x91\x83Up\xab\x8e\x81Qz\xaa\x8b}N\x84\xa8\x8axM\x8f\xa5\x89rO\x98\xa1\x88kR\xa0\x9c\x88dX\xa7'
    b'\x98\x87\\`\xab\x94\x85Ui\xae\x90\x82Ot\xae\x8d\x7fK\x7f\xad\x8bzI\x8b\xaa\x8asI\x96\xa6\x89lK\xa0\xa1\x89dP\xa8\x9d\x88[X\xae\x98\x86Sb\xb2\x94\x84Ln\xb4\x90\x80F{\xb3\x8d{C\x88\xb0'
    b'\x8ctB\x94\xac\x8blD\xa0\xa7\x8adI\xaa\xa1\x89ZQ\xb1\x9c\x88Q\\\xb6\x97\x85Ii\xb8\x92\x81Cw\xb8\x8f|?\x85\xb5\x8du>\x93\xb0\x8cm@\xa0\xaa\x8bdE\xaa\xa4\x8aZN\xb2\x9e\x88QY\xb7\x98'
    b'\x86If\xba\x93\x82Bu\xb9\x90}>\x84\xb6\x8dv=\x92\xb1\x8cn@\x9f\xaa\x8beE\xa9\xa4\x89[N\xb1\x9d\x88SZ\xb6\x97\x86Kg\xb7\x93\x82Eu\xb6\x8f}B\x84\xb3\x8cvA\x91\xad\x8boD\x9d\xa7\x8a'
    b'fJ\xa7\xa1\x89^S\xad\x9a\x87V^\xb1\x95\x85Oj\xb2\x91\x81Jw\xb1\x8d}G\x85\xad\x8bvG\x91\xa8\x8aoJ\x9c\xa3\x89hP\xa4\x9d\x88`Y\xaa\x97\x86Yc\xad\x92\x84So\xad\x8e\x80N{\xac\x8c|'
    b'L\x87\xa8\x8avM\x92\xa4\x89oP\x9b\x9e\x88hV\xa3\x99\x87`^\xa8\x94\x85Zh\xaa\x90\x83Ts\xab\x8d\x7fP\x7f\xa9\x8azN\x8a\xa5\x89tO\x95\xa1\x88mS\x9e\x9c\x87eY\xa5\x97\x86^b\xa9\x92\x84W'
    b'l\xab\x8f\x82Qx\xab\x8c}N\x84\xa9\x8axL\x8f\xa5\x89pN\x9a\xa0\x88hS\xa3\x9b\x87`Z\xaa\x96\x86Xd\xae\x92\x83Pp\xaf\x8e\x80K}\xae\x8czH\x8b\xab\x8asH\x97\xa6\x89jK\xa2\xa1\x89aR'
    b'\xab\x9b\x87W\\\xb1\x96\x85Oi\xb4\x91\x82Hw\xb4\x8e|C\x86\xb1\x8cuB\x94\xac\x8blD\xa1\xa6\x8abK\xac\xa0\x89XU\xb3\x99\x87Nb\xb7\x94\x83Fq\xb8\x90~@\x81\xb5\x8dw>\x91\xb1\x8cn@\x9f'
    b'\xaa\x8bdF\xab\xa3\x89YO\xb4\x9c\x88O]\xb8\x96\x84Fl\xba\x91\x80@}\xb7\x8ey=\x8d\xb3\x8cp>\x9c\xac\x8bfD\xa9\xa5\x8a[M\xb2\x9d\x88QZ\xb7\x97\x85Ij\xb8\x92\x81Bz\xb6\x8ez@\x8a\xb1'
    b'\x8crA\x99\xab\x8aiF\xa5\xa4\x89_O\xae\x9c\x88U[\xb3\x96\x85Mi\xb4\x91\x81Gy\xb3\x8d{E\x88\xae\x8btE\x96\xa8\x8akJ\xa1\xa1\x89bR\xa9\x9a\x87Y^\xae\x94\x85Rk\xb0\x90\x81Ly\xae\x8c'
    b'|J\x87\xaa\x8auK\x94\xa5\x89mO\x9e\x9e\x88eV\xa6\x98\x87\\a\xab\x93\x84Um\xac\x8e\x81Pz\xab\x8b|N\x87\xa7\x89uN\x93\xa2\x88nR\x9d\x9c\x87fY\xa5\x96\x86]c\xa9\x91\x84Vo\xab\x8e\x80'
    b'Q|\xa9\x8b{N\x88\xa6\x89uO\x94\xa1\x88mS\x9e\x9c\x87dZ\xa6\x96\x86\\d\xab\x91\x84Tp\xac\x8d\x80O~\xab\x8bzL\x8b\xa7\x89sM\x98\xa2\x88jQ\xa2\x9c\x88`Y\xaa\x96\x86We\xae\x92\x83O'
    b'r\xb0\x8e~I\x81\xae\x8bxG\x90\xa9\x8aoI\x9d\xa4\x89eO\xa8\x9d\x88ZY\xb0\x97\x86Pf\xb4\x92\x82Hv\xb4\x8e|C\x86\xb1\x8ctB\x96\xab\x8ajF\xa4\xa4\x89_N\xae\x9d\x88TZ\xb5\x97\x85Jj'
    b'\xb8\x92\x80B{\xb6\x8ey>\x8d\xb2\x8cp?\x9d\xab\x8beE\xaa\xa3\x89YP\xb4\x9c\x87N_\xb9\x95\x84Dp\xb9\x90~>\x83\xb6\x8du=\x94\xb0\x8bkA\xa4\xa8\x8a_I\xaf\xa0\x89TV\xb6\x98\x86Ig\xb9'
    b'\x93\x81By\xb7\x8ez?\x8b\xb2\x8cq@\x9b\xab\x8afF\xa8\xa3\x89[Q\xb1\x9b\x87Q`\xb5\x94\x84Hq\xb5\x8f~C\x82\xb2\x8cvC\x93\xab\x8amG\xa0\xa4\x89bO\xaa\x9c\x88X\\\xb0\x95\x85Ok\xb2\x90'
    b'\x81I{\xb0\x8czG\x8b\xab\x8arI\x99\xa4\x89iP\xa4\x9d\x88_Z\xab\x96\x86Vg\xae\x90\x82Pv\xad\x8c}L\x85\xa9\x8avL\x93\xa4\x89nQ\x9e\x9d\x88dY\xa6\x96\x86\\d\xaa\x91\x83Tr\xab\x8d\x7f'
    b'O\x80\xa9\x8ayN\x8e\xa4\x89qQ\x9a\x9e\x88hW\xa3\x98\x86_a\xa9\x92\x84Wn\xab\x8e\x80Q|\xa9\x8b{N\x8a\xa6\x89sO\x97\xa0\x88jT\xa2\x9a\x87`]\xa9\x94\x85Wj\xac\x8f\x82Px\xac\x8c|L'
    b'\x87\xa9\x8atL\x96\xa3\x89kP\xa2\x9d\x88`Y\xaa\x97\x86Ve\xaf\x91\x83Nt\xb0\x8d}H\x85\xad\x8buG\x95\xa8\x8akK\xa3\xa1\x89`S\xad\x9a\x87T`\xb3\x94\x84Kq\xb4\x8f~D\x83\xb1\x8cvB\x94'
    b'\xac\x8akF\xa3\xa4\x89_N\xaf\x9c\x88R\\\xb6\x96\x84Hn\xb7\x90\x7fA\x81\xb5\x8dv>\x94\xaf\x8bkB\xa4\xa7\x8a^K\xb0\x9e\x88QZ\xb7\x97\x85Fl\xb9\x91\x7f?\x80\xb7\x8ev=\x93\xb0\x8bkA\xa4\xa8'
    b'\x8a^J\xb0\x9f\x88RY\xb8\x97\x85Gk\xb9\x91\x7f@\x7f\xb6\x8dv>\x93\xaf\x8bkB\xa3\xa7\x8a_L\xaf\x9e\x88SZ\xb6\x96\x85Il\xb7\x90\x7fB\x80\xb4\x8dwA\x92\xad\x8blE\xa2\xa4\x89`O\xad\x9c\x88'
    b'U]\xb3\x95\x84Lo\xb3\x8f\x7fF\x81\xb0\x8cwE\x92\xa9\x8amJ\xa0\xa1\x89bS\xaa\x99\x87Xa\xaf\x93\x84Or\xaf\x8e~J\x83\xac\x8bwJ\x92\xa5\x89mO\x9f\x9e\x88cX\xa8\x97\x86Ye\xac\x91\x83R'
    b'u\xac\x8c}M\x84\xa8\x8avN\x93\xa2\x88mR\x9f\x9b\x87c\\\xa7\x95\x85Zi\xaa\x8f\x82Rx\xaa\x8b|O\x87\xa6\x89uO\x95\xa0\x88kT\xa0\x9a\x87a^\xa8\x93\x85Xk\xab\x8e\x81Q{\xaa\x8b{N\x8a'
    b'\xa6\x89sO\x98\xa0\x88hU\xa3\x99\x87^`\xaa\x93\x84Tn\xad\x8e\x80M~\xab\x8byJ\x8f\xa7\x89oM\x9d\xa0\x88dT\xa8\x99\x87Ya\xaf\x93\x84Oq\xb0\x8e~H\x83\xae\x8bvF\x95\xa8\x8akJ\xa3\xa0'
    b'\x89^T\xae\x99\x86Rd\xb3\x92\x82Hv\xb4\x8e{C\x89\xaf\x8bqC\x9c\xa8\x8aeI\xaa\xa0\x89WV\xb4\x98\x86Kh\xb7\x92\x80B|\xb6\x8ex?\x91\xb0\x8blA\xa3\xa7\x8a_K\xb0\x9e\x88Q[\xb8\x96\x84'
    b'Eo\xb9\x90~>\x84\xb5\x8ds=\x99\xae\x8bgC\xa9\xa4\x8aYP\xb4\x9b\x87Lb\xb9\x94\x82Bw\xb8\x8fz=\x8d\xb2\x8co@\xa0\xa9\x8aaI\xae\xa0\x89TX\xb6\x97\x85Ik\xb8\x91\x7fA\x81\xb4\x8dv@'
    b'\x95\xad\x8bjE\xa5\xa3\x89]Q\xb0\x9a\x87Qb\xb5\x93\x83Hv\xb4\x8e{D\x8a\xae\x8bqF\x9b\xa6\x89fN\xa8\x9d\x88Z[\xaf\x95\x85Pm\xb1\x8f\x7fI\x80\xae\x8bwH\x91\xa7\x89mM\xa0\x9f\x88bW\xa9'
    b'\x97\x86Wf\xae\x90\x82Ow\xad\x8c|L\x89\xa8\x89sM\x98\xa1\x88iT\xa3\x99\x87^a\xaa\x92\x84Up\xab\x8d\x7fO\x81\xa8\x8axN\x91\xa3\x88nR\x9e\x9b\x87d\\\xa7\x94\x85Yj\xaa\x8f\x81Rz\xaa\x8b'
    b'{N\x8a\xa5\x89rP\x99\x9e\x88hW\xa4\x97\x86]c\xaa\x91\x83Ts\xab\x8c~N\x84\xa8\x8avM\x94\xa2\x88kR\xa1\x9b\x87`]\xaa\x94\x85Ul\xae\x8f\x80M}\xac\x8byJ\x8f\xa7\x89nL\x9f\xa0\x88b'
    b'U\xaa\x98\x86Vd\xb0\x92\x82Lv\xb1\x8d{F\x8a\xac\x8bqG\x9c\xa5\x89dN\xaa\x9d\x88W\\\xb2\x95\x84Ko\xb5\x8f~C\x84\xb1\x8ctB\x98\xaa\x8agH\xa9\xa1\x89YU\xb3\x98\x86Kh\xb8\x92\x80B~'
    b'\xb5\x8dw>\x93\xaf\x8bjC\xa6\xa5\x8a[O\xb3\x9c\x87Ma\xb9\x94\x82Bw\xb8\x8fy=\x8e\xb2\x8cm@\xa2\xa8\x8a_J\xb1\x9e\x88P\\\xb8\x96\x84Dr\xb9\x90|>\x89\xb3\x8cp?\x9e\xaa\x8abH\xad\xa0'
    b'\x89TX\xb6\x97\x85Hm\xb8\x90~@\x84\xb4\x8ct@\x99\xab\x8agG\xa9\xa1\x89YV\xb3\x98\x86Li\xb6\x91\x80D\x7f\xb2\x8cvC\x94\xaa\x8ajI\xa4\xa1\x89]U\xaf\x98\x86Qg\xb2\x91\x81I|\xb0\x8cy'
    b'G\x8f\xa9\x8anK\x9f\xa0\x88bV\xaa\x97\x86Vf\xaf\x90\x82Ny\xad\x8c{J\x8c\xa8\x89qM\x9c\x9f\x88eW\xa7\x97\x86Ze\xac\x90\x82Qw\xab\x8c|M\x89\xa6\x89sO\x99\x9f\x88hW\xa4\x97\x86]d'
    b'\xaa\x90\x83Tu\xaa\x8c}O\x87\xa6\x89tP\x97\x9f\x88iV\xa3\x98\x86^c\xa9\x91\x83Ts\xab\x8c~O\x85\xa7\x89uN\x96\xa0\x88jU\xa3\x99\x87^a\xaa\x92\x84Sr\xac\x8d~M\x84\xa9\x8auL\x96\xa2'
    b'\x88iR\xa4\x9b\x87]_\xac\x93\x84Qp\xaf\x8e~J\x84\xac\x8buI\x97\xa5\x89hO\xa6\x9d\x88[\\\xaf\x95\x85Nn\xb2\x8f~F\x83\xaf\x8btE\x98\xa8\x8agK\xa8\x9f\x88XY\xb2\x96\x85Km\xb5\x90~'
    b'C\x83\xb2\x8ctA\x99\xaa\x8afH\xaa\xa0\x89VW\xb5\x97\x85Il\xb8\x90~@\x84\xb4\x8ds?\x9a\xac\x8bdF\xac\xa1\x89UV\xb7\x98\x85Gl\xb9\x91~>\x85\xb5\x8dr>\x9c\xac\x8bcF\xad\xa1\x89TW'
    b'\xb7\x97\x85Fm\xb9\x90}>\x86\xb4\x8cr>\x9d\xab\x8acH\xad\xa0\x89SY\xb7\x96\x84Gp\xb8\x90}@\x88\xb2\x8cqA\x9d\xa9\x8acK\xad\x9e\x88T\\\xb5\x95\x84Hr\xb5\x8e|C\x89\xaf\x8bqE\x9d\xa5'
    b'\x89cO\xab\x9b\x87U`\xb2\x93\x83Ku\xb1\x8d{F\x8b\xab\x8apI\x9d\xa2\x89cT\xa9\x98\x86We\xaf\x91\x82Ny\xad\x8czJ\x8d\xa7\x89pN\x9d\x9e\x88cY\xa8\x96\x86Xi\xac\x8f\x81P|\xaa\x8by'
    b'M\x8e\xa4\x88oR\x9e\x9c\x87c]\xa7\x94\x85Xm\xaa\x8d\x80Q\x7f\xa8\x8axO\x91\xa2\x88mT\x9f\x9a\x87b`\xa7\x92\x84Wp\xaa\x8c\x7fP\x82\xa7\x89vP\x94\xa0\x88kV\xa1\x98\x86_b\xa9\x91\x83Us'
    b'\xaa\x8c}O\x86\xa7\x89tO\x97\xa0\x88hV\xa4\x97\x86[d\xab\x90\x83Qw\xac\x8c|L\x8a\xa7\x89qM\x9c\x9f\x88dW\xa9\x97\x86Wg\xaf\x90\x81L{\xae\x8cyH\x90\xa8\x89mL\xa1\x9f\x88_X\xad\x96'
    b'\x86Qj\xb2\x90\x80H\x80\xaf\x8cvE\x96\xa8\x8ahK\xa7\x9f\x88YZ\xb2\x96\x85Ko\xb4\x8f}C\x86\xb0\x8brC\x9c\xa7\x8acL\xac\x9d\x88S^\xb5\x94\x83Gu\xb6\x8ezA\x8d\xaf\x8bmC\xa2\xa5\x89^'
    b'P\xb1\x9b\x87Nd\xb7\x92\x81C|\xb5\x8dw@\x94\xad\x8biF\xa7\xa2\x89YU\xb3\x98\x86Kk\xb6\x90~B\x83\xb2\x8csB\x9a\xa9\x8adK\xab\x9e\x88U\\\xb4\x94\x84Is\xb4\x8e{C\x8b\xae\x8boF\x9f'
    b'\xa4\x89aR\xad\x99\x87Se\xb2\x91\x81I{\xb0\x8cxF\x91\xa8\x8alL\xa3\x9e\x88^Z\xad\x95\x85Rn\xaf\x8e\x7fJ\x83\xab\x8auK\x97\xa3\x88hS\xa5\x99\x87[c\xac\x91\x83Qv\xab\x8c|M\x8a\xa6\x89'
    b'qP\x9b\x9d\x87e[\xa6\x94\x85Yk\xaa\x8e\x80R~\xa7\x8axP\x90\xa1\x88nV\x9f\x98\x86bb\xa7\x91\x84Xs\xa8\x8b~R\x86\xa4\x88uS\x96\x9d\x87i[\xa2\x95\x85^i\xa7\x8e\x82U{\xa6\x8azR'
    b'\x8d\xa1\x88pU\x9c\x99\x87d`\xa5\x92\x84Yp\xa8\x8c\x7fR\x83\xa5\x89vQ\x94\x9e\x87kX\xa1\x96\x86^f\xa8\x8f\x82Tx\xa9\x8b{O\x8b\xa4\x89qQ\x9c\x9c\x87d\\\xa7\x94\x85Wl\xac\x8e\x80N\x81\xa9'
    b'\x8avL\x94\xa3\x88jS\xa4\x9a\x87\\a\xad\x92\x83Pu\xae\x8c|J\x8b\xa9\x8apK\x9e\xa0\x88aV\xab\x97\x86Si\xb1\x90\x80I\x7f\xae\x8bvG\x95\xa7\x89hM\xa7\x9d\x88Y]\xb1\x94\x84Ls\xb2\x8e|'
    b'E\x8b\xad\x8aoG\xa0\xa3\x89_S\xae\x99\x86Pg\xb4\x91\x80F\x7f\xb1\x8cvD\x97\xa8\x8agK\xa9\x9e\x88W\\\xb2\x94\x84Js\xb3\x8e{D\x8c\xad\x8bnG\xa1\xa3\x89_T\xae\x98\x86Ph\xb3\x90\x80G\x80'
    b'\xb0\x8buF\x97\xa7\x89gN\xa8\x9c\x87X_\xb0\x93\x83Lv\xb0\x8d{G\x8d\xa9\x8anK\xa0\x9f\x88`Y\xab\x95\x85Sl\xaf\x8e\x7fK\x82\xab\x8auL\x97\xa2\x88hT\xa5\x98\x86[e\xac\x90\x82Qy\xaa\x8b'
    b'zN\x8e\xa4\x88oR\x9e\x9b\x87b_\xa7\x92\x84Wq\xa9\x8c~Q\x85\xa5\x89uR\x96\x9d\x87i[\xa2\x94\x85]k\xa7\x8d\x81U}\xa5\x89yS\x8f\x9f\x87oY\x9d\x96\x86ce\xa4\x8f\x83Yv\xa5\x8a}T'
    b'\x88\xa1\x88sW\x98\x99\x86h`\xa2\x91\x84]o\xa5\x8c\x80V\x81\xa3\x88wU\x92\x9c\x87l[\x9f\x94\x85ai\xa5\x8e\x82Wz\xa5\x89{T\x8c\xa0\x87pW\x9b\x98\x86db\xa5\x90\x84Ys\xa7\x8b~S\x86\xa3'
    b'\x88tS\x98\x9c\x87g\\\xa4\x94\x85[l\xa9\x8d\x80R\x7f\xa7\x8awP\x93\xa0\x88kV\xa2\x98\x86]d\xaa\x90\x82Rx\xab\x8bzM\x8d\xa5\x89nP\x9f\x9c\x87`]\xaa\x93\x84Sp\xad\x8d}K\x87\xa9\x8ar'
    b'L\x9b\xa1\x88dV\xa9\x97\x86Ui\xaf\x8f\x80K\x80\xad\x8bvI\x96\xa5\x89hP\xa7\x9b\x87Xa\xb0\x92\x82Lx\xaf\x8cyG\x90\xa8\x8alL\xa3\x9e\x88\\[\xae\x94\x84Oq\xb1\x8e}G\x89\xab\x8apJ\x9e'
    b'\xa1\x88aV\xac\x97\x86Sj\xb0\x8f\x7fI\x82\xac\x8btI\x98\xa3\x89fS\xa8\x99\x87We\xaf\x90\x81M|\xad\x8bxJ\x92\xa5\x89kQ\xa3\x9b\x87]a\xac\x91\x83Qv\xac\x8c{L\x8c\xa5\x89oQ\x9e\x9c\x87'
    b'b^\xa8\x93\x84Vq\xaa\x8c~P\x86\xa5\x89sQ\x98\x9d\x87g\\\xa4\x93\x85[m\xa8\x8d\x80S\x81\xa5\x89wS\x93\x9d\x87k[\xa0\x94\x85_j\xa6\x8d\x81W}\xa4\x89zU\x8f\x9d\x87oZ\x9c\x95\x86cg'
    b'\xa3\x8e\x82Zy\xa3\x89|V\x8a\x9e\x87rZ\x99\x96\x86ge\xa1\x8f\x83]u\xa3\x8a~W\x87\x9f\x87tY\x96\x98\x86ib\xa0\x90\x84_q\xa3\x8b\x7fX\x83\xa0\x88wX\x93\x99\x86k`\x9f\x92\x85`n\xa4\x8c'
    b'\x80X\x80\xa2\x88xV\x91\x9c\x87m\\\x9e\x94\x85aj\xa5\x8d\x81X|\xa4\x89zT\x8f\x9e\x87nY\x9d\x96\x86bf\xa6\x8f\x82Wx\xa6\x8a{R\x8c\xa1\x88pU\x9d\x99\x86bb\xa7\x91\x83Vt\xa9\x8b}P'
    b'\x89\xa4\x88qR\x9c\x9c\x87c]\xa8\x93\x84Vp\xab\x8c~N\x86\xa7\x89sO\x9a\x9e\x88dZ\xa8\x95\x85Vl\xad\x8e\x7fM\x83\xa9\x8atM\x98\xa1\x88fV\xa7\x97\x86Wi\xad\x8f\x80M\x80\xab\x8avK\x96\xa2'
    b'\x88gT\xa6\x98\x86Yf\xad\x90\x81N}\xac\x8bwK\x93\xa4\x89jR\xa4\x99\x87[c\xad\x90\x82Oz\xac\x8byL\x91\xa4\x89lR\xa2\x9a\x87]b\xab\x91\x83Rw\xab\x8bzM\x8e\xa4\x88nR\x9f\x9a\x87`'
    b'a\xa9\x91\x83Tu\xaa\x8b|O\x8b\xa3\x88pT\x9d\x9a\x87ca\xa6\x91\x84Wt\xa8\x8b}R\x89\xa2\x88rU\x9a\x99\x86fa\xa4\x91\x84Zs\xa6\x8b~U\x87\xa1\x88tW\x97\x99\x86hb\xa1\x90\x84]r\xa4'
    b'\x8a~W\x85\xa0\x87uY\x95\x98\x86jb\x9f\x90\x84`r\xa2\x8a\x7fY\x83\x9f\x87vZ\x93\x98\x86lb\x9e\x90\x84aq\xa1\x8a\x7f[\x82\x9e\x87w[\x92\x98\x86mb\x9d\x90\x84bp\xa1\x8a\x80[\x81\x9e\x87x'
    b'Z\x91\x98\x86mb\x9c\x90\x84bo\xa1\x8b\x80[\x80\x9f\x87xZ\x91\x99\x86m`\x9d\x91\x84bn\xa2\x8b\x80Z\x80\xa0\x88xX\x91\x9a\x86m_\x9e\x92\x85am\xa3\x8c\x80X\x7f\xa2\x88xV\x91\x9b\x87l]\x9f'
    b'\x93\x85`k\xa5\x8d\x81V\x7f\xa4\x89xT\x92\x9d\x87l[\xa0\x94\x85^j\xa7\x8d\x81T~\xa5\x89xR\x93\x9e\x87kY\xa2\x95\x86]i\xa8\x8e\x81S~\xa7\x89wP\x93\xa0\x88jX\xa3\x96\x86\\h\xaa\x8e\x81'
    b'Q~\xa8\x8awO\x94\xa0\x88jW\xa4\x96\x86[h\xaa\x8e\x81Q~\xa8\x8awO\x94\xa0\x88iW\xa4\x96\x86[h\xaa\x8e\x81Q\x7f\xa8\x8awO\x94\xa0\x88iX\xa4\x96\x86[i\xaa\x8e\x81Q\x7f\xa7\x89wP\x94'
    b'\x9f\x88iY\xa3\x95\x85\\j\xa9\x8d\x80S\x80\xa6\x89wR\x94\x9d\x87j[\xa2\x94\x85]l\xa7\x8d\x80T\x81\xa4\x89wT\x94\x9c\x87j]\xa1\x93\x85^n\xa5\x8c\x80V\x82\xa2\x88wW\x94\x9a\x86k`\x9f\x91\x84'
    b'_p\xa3\x8b\x7fY\x83\xa0\x87vY\x93\x98\x86kb\x9e\x90\x84ar\xa1\x8a\x7fZ\x84\x9e\x87v[\x93\x96\x86ke\x9d\x8f\x83at\xa0\x89\x7f\\\x85\x9c\x87v]\x94\x95\x85kf\x9d\x8e\x83bu\x9f\x89~]\x86'
    b'\x9b\x86u^\x94\x94\x85kh\x9d\x8d\x83aw\x9e\x88}]\x87\x9a\x86u_\x95\x93\x85ji\x9d\x8d\x83`x\x9e\x88}\\\x89\x9a\x86s_\x97\x93\x85hi\x9e\x8c\x82_y\x9f\x88|[\x8b\x9a\x86r^\x99\x93\x85'
    b'fj\xa0\x8c\x82]{\xa0\x88{Y\x8d\x9b\x86p^\x9b\x93\x85dk\xa2\x8c\x81Z}\xa1\x88yW\x8f\x9b\x87n]\x9d\x93\x85al\xa4\x8c\x81X\x7f\xa2\x88xV\x92\x9b\x87k]\xa0\x93\x85^m\xa6\x8c\x80U\x82'
    b'\xa3\x88vU\x95\x9b\x87i^\xa2\x92\x85\\o\xa7\x8c\x7fS\x85\xa3\x88tT\x98\x9b\x87f_\xa4\x92\x84Yr\xa7\x8b~R\x88\xa3\x88rT\x9a\x9a\x87da\xa6\x91\x83Xu\xa7\x8b|R\x8b\xa1\x88pV\x9c\x98\x86'
    b'bd\xa6\x8f\x83Wx\xa6\x8a{R\x8e\xa0\x87nX\x9e\x96\x86ag\xa6\x8e\x82W|\xa5\x89yT\x90\x9d\x87m[\x9f\x94\x85`k\xa5\x8c\x81W\x7f\xa2\x88xV\x92\x9b\x86l_\x9f\x92\x84`o\xa3\x8b\x7fX\x83'
    b'\xa0\x87vY\x94\x98\x86kc\x9f\x8f\x84`s\xa1\x8a~Z\x86\x9d\x87u\\\x95\x95\x85jg\x9e\x8d\x83`w\x9f\x88}\\\x88\x9a\x86t_\x96\x93\x85ik\x9d\x8c\x82`{\x9d\x87|]\x8b\x98\x86rb\x97\x90\x84'
    b'hn\x9d\x8a\x81`~\x9b\x87z_\x8d\x96\x85qe\x98\x8f\x84gr\x9c\x89\x80`\x81\x9a\x86x`\x90\x94\x85og\x99\x8d\x83eu\x9c\x88\x7f_\x85\x99\x86wa\x92\x93\x85li\x9b\x8c\x83cx\x9c\x88}^\x88'
    b'\x98\x86ta\x95\x92\x85il\x9d\x8b\x82`{\x9d\x87{]\x8c\x98\x86qb\x98\x91\x84fn\x9e\x8a\x81^\x7f\x9d\x87y\\\x90\x97\x86nc\x9c\x90\x84bq\xa0\x8a\x7f[\x83\x9e\x87v[\x94\x96\x86jd\x9f\x8f\x83'
    b'_u\xa2\x89}Y\x88\x9d\x87s[\x98\x95\x86fg\xa2\x8e\x82[y\xa2\x89{W\x8d\x9c\x87o\\\x9c\x94\x85bj\xa3\x8c\x81X~\xa2\x88xV\x92\x9b\x87l^\x9f\x92\x85_o\xa5\x8b\x7fV\x83\xa1\x88uW\x96'
    b'\x99\x86ha\xa2\x90\x84\\t\xa4\x8a}V\x89\x9f\x87rY\x9a\x96\x86ef\xa3\x8e\x82Zy\xa3\x89{V\x8e\x9d\x87o\\\x9d\x94\x85bk\xa3\x8c\x81Y\x7f\xa1\x88xX\x92\x99\x86la\x9e\x91\x84`q\xa2\x8a\x7f'
    b'Y\x85\x9e\x87u[\x95\x96\x86if\x9f\x8e\x83_w\xa0\x89}[\x89\x9b\x86s_\x98\x92\x85gk\x9e\x8b\x81_}\x9d\x87z]\x8d\x97\x86pc\x99\x8f\x84fq\x9d\x89\x80_\x82\x9b\x86x`\x91\x94\x85nh\x9a'
    b'\x8d\x83ev\x9c\x88~`\x86\x98\x85vc\x93\x91\x84lm\x9a\x8a\x82d{\x9a\x87|a\x8a\x95\x85sf\x95\x8e\x84iq\x9a\x89\x80c\x80\x98\x86yb\x8e\x93\x85pi\x97\x8c\x83gv\x9a\x87\x7fb\x85\x97\x85w'
    b'd\x92\x90\x84mm\x99\x8a\x82e{\x9a\x87|a\x8a\x95\x85se\x95\x8f\x84ip\x9b\x89\x80b\x80\x99\x86za\x8e\x94\x85pg\x99\x8d\x83fu\x9c\x88\x7f`\x85\x99\x86va\x93\x92\x85kj\x9c\x8c\x82bz\x9d'
    b'\x87|^\x8b\x98\x86rb\x98\x90\x84gn\x9e\x8a\x81^\x80\x9d\x87y]\x91\x96\x86md\x9c\x8f\x84bt\xa0\x89~[\x86\x9c\x86t]\x96\x94\x85hh\x9f\x8d\x82^z\xa0\x88{Z\x8d\x9a\x86p_\x9b\x92\x85c'
    b'n\xa1\x8b\x80[\x81\x9f\x87wZ\x93\x98\x86kc\x9f\x8f\x84_t\xa1\x89~Y\x88\x9d\x87s\\\x98\x94\x85fi\xa1\x8d\x82\\{\xa0\x88zY\x8e\x9a\x86o`\x9c\x91\x84co\xa1\x8a\x80[\x83\x9e\x87v\\\x94\x96'
    b'\x86jf\x9e\x8e\x83`w\xa0\x88}[\x89\x9a\x86s_\x98\x92\x85gl\x9e\x8b\x81^~\x9d\x87y]\x8f\x96\x85oe\x9a\x8e\x84ds\x9d\x89\x7f_\x85\x99\x86va\x93\x92\x85lk\x9b\x8b\x82c{\x9b\x87|`'
    b'\x8a\x96\x85se\x96\x8e\x84iq\x9a\x89\x80b\x81\x98\x86yc\x8f\x92\x84ok\x97\x8b\x83gx\x99\x87~c\x87\x95\x85vf\x92\x8e\x84lp\x98\x89\x81f~\x97\x86{d\x8c\x92\x84rj\x95\x8c\x83jv\x98\x87'
    b'\x7fe\x84\x95\x85xf\x90\x8f\x84on\x97\x89\x82g|\x97\x86|d\x89\x93\x84ti\x94\x8d\x83ks\x98\x88\x80e\x82\x96\x85ye\x8f\x90\x84pl\x97\x8a\x82gy\x98\x86}c\x88\x95\x85uf\x94\x8e\x84kq'
    b'\x99\x89\x81d\x7f\x98\x86zb\x8e\x93\x85pi\x98\x8c\x83fv\x9b\x87~a\x86\x97\x85uc\x94\x90\x84km\x9b\x8a\x81b}\x9b\x87z`\x8d\x95\x85pf\x99\x8e\x83es\x9d\x89\x7f_\x85\x9a\x86v`\x94\x93\x85'
    b'jj\x9c\x8c\x82a{\x9d\x87{]\x8c\x97\x86pc\x99\x90\x84eq\x9e\x89\x7f]\x83\x9b\x86w^\x93\x94\x85kh\x9d\x8d\x82`y\x9e\x88|\\\x8b\x98\x86qb\x99\x90\x84fo\x9e\x8a\x80^\x82\x9c\x87w^\x92'
    b'\x95\x85lg\x9c\x8d\x83bx\x9e\x88}]\x8a\x98\x86sb\x97\x90\x84go\x9d\x8a\x80`\x80\x9b\x86y_\x90\x94\x85nh\x9a\x8d\x83dw\x9c\x88}`\x88\x97\x85td\x95\x90\x84jo\x9b\x89\x81b\x7f\x99\x86z'
    b'b\x8e\x93\x85pj\x97\x8c\x83gw\x99\x87~c\x87\x95\x85vf\x93\x8e\x84lp\x98\x89\x81e\x7f\x97\x85ze\x8c\x91\x84rk\x95\x8b\x83ix\x97\x86~e\x86\x93\x84wh\x91\x8d\x83nr\x96\x88\x81h\x7f\x95'
    b'\x85{g\x8b\x90\x84sm\x94\x8a\x82kx\x96\x86~g\x85\x92\x84wi\x90\x8d\x83or\x95\x88\x81i\x7f\x94\x85{g\x8b\x90\x84sm\x93\x8a\x82kx\x95\x86~g\x85\x92\x84wi\x90\x8d\x83or\x96\x88\x81h'
    b'\x7f\x95\x85{g\x8c\x90\x84rl\x94\x8a\x82jx\x97\x86~e\x86\x93\x85vh\x91\x8d\x84mq\x97\x88\x81f\x7f\x96\x85ze\x8d\x91\x84qk\x96\x8b\x82hx\x98\x87~c\x87\x95\x85uf\x93\x8e\x84kq\x99\x89'
    b'\x80d\x80\x98\x86yc\x8f\x92\x85oj\x98\x8b\x83fx\x9a\x87}a\x88\x96\x85te\x95\x8f\x84iq\x9b\x89\x80b\x81\x99\x86xa\x90\x93\x85nj\x9a\x8c\x82dy\x9b\x87|`\x8a\x96\x85se\x96\x8f\x84hq'
    b'\x9b\x89\x80a\x82\x99\x86xa\x91\x92\x85mk\x9a\x8b\x82d{\x9b\x87|`\x8b\x95\x85rf\x97\x8e\x83hs\x9b\x88\x7fb\x84\x98\x85wc\x92\x91\x84mm\x99\x8a\x82d|\x99\x86{b\x8c\x93\x85ri\x96\x8c\x83'
    b'hv\x99\x87\x7fc\x85\x95\x85wf\x92\x8f\x84mp\x97\x89\x81f~\x96\x85{e\x8c\x91\x84rl\x95\x8a\x82jx\x96\x86~f\x86\x93\x84vi\x91\x8c\x83ns\x95\x87\x80h\x80\x94\x85zh\x8c\x8e\x84ro\x93'
    b'\x89\x82k{\x94\x85}h\x87\x90\x84vl\x90\x8b\x83nv\x94\x86\x80j\x82\x92\x84zj\x8d\x8d\x83rr\x93\x88\x81l}\x93\x85}j\x89\x8f\x84un\x91\x89\x82nx\x93\x86\x7fj\x84\x91\x84yl\x8e\x8b\x83q'
    b's\x93\x87\x81k\x7f\x92\x84{j\x8a\x8e\x83to\x92\x89\x82mz\x93\x85~i\x86\x90\x84wl\x90\x8b\x83ou\x94\x87\x80i\x81\x93\x84zi\x8d\x8e\x83rp\x94\x88\x82j|\x95\x85}g\x89\x90\x84ul\x92\x8b'
    b'\x83lv\x96\x86\x7fg\x84\x93\x84xh\x90\x8e\x83oq\x96\x88\x81g\x7f\x96\x85{f\x8c\x90\x84rl\x95\x8a\x82iy\x97\x86~e\x87\x93\x85uh\x93\x8d\x83ls\x98\x88\x80e\x82\x96\x85ye\x8f\x90\x84on'
    b'\x97\x8a\x82f|\x98\x86|d\x8b\x93\x84si\x95\x8c\x83iv\x98\x87\x7fd\x85\x95\x85vf\x92\x8e\x84mp\x98\x89\x81e\x7f\x97\x85ze\x8e\x91\x84pl\x96\x8a\x82hz\x97\x86}d\x89\x93\x84ti\x93\x8c\x83'
    b'ku\x97\x87\x7ff\x83\x94\x85xg\x90\x8e\x84op\x96\x88\x81h~\x95\x85{g\x8b\x90\x84sm\x94\x8a\x82ky\x95\x86~g\x86\x91\x84wk\x90\x8b\x83nu\x94\x87\x80i\x82\x92\x84zj\x8d\x8d\x83rq\x93'
    b'\x88\x81l}\x93\x85}j\x89\x8e\x83uo\x90\x89\x82ny\x92\x85\x7fk\x85\x8f\x84xm\x8e\x8a\x83qu\x92\x86\x80l\x81\x90\x84{l\x8b\x8c\x83tr\x90\x87\x81n}\x91\x84}l\x87\x8d\x83wp\x8f\x88\x82p'
    b'y\x91\x85\x7fl\x84\x8e\x83yn\x8d\x8a\x83rv\x91\x86\x80m\x80\x90\x84{m\x8a\x8c\x83ur\x90\x87\x81n|\x91\x84}l\x87\x8d\x83wp\x8f\x89\x82py\x91\x85\x7fl\x84\x8f\x84ym\x8d\x8a\x83ru\x92\x86'
    b'\x80l\x80\x91\x84{k\x8b\x8d\x83tq\x92\x88\x82m|\x92\x85}j\x88\x8f\x84vn\x91\x8a\x82nx\x93\x86\x7fi\x84\x91\x84xk\x8f\x8c\x83pt\x94\x87\x80i\x80\x93\x84zi\x8c\x8e\x83rp\x93\x88\x82j|'
    b'\x94\x85}h\x89\x90\x84ul\x92\x8a\x83lx\x95\x86\x7fg\x85\x92\x84wj\x90\x8c\x83ns\x95\x87\x80h\x81\x94\x85zh\x8d\x8e\x84qp\x94\x88\x81i}\x95\x85|g\x8a\x90\x84tm\x93\x8a\x82lx\x95\x86~'
    b'h\x86\x91\x84wk\x90\x8b\x83nu\x95\x87\x80i\x82\x92\x84yi\x8d\x8d\x83qq\x93\x88\x81j~\x93\x85|i\x8a\x8e\x83to\x92\x89\x82mz\x93\x85~j\x86\x8f\x84wm\x8f\x8a\x82ow\x92\x86\x7fk\x83\x90'
    b'\x84ym\x8d\x8b\x83rt\x91\x86\x81m\x7f\x90\x84|l\x8a\x8c\x83ur\x90\x87\x81o|\x90\x84~m\x87\x8d\x83wq\x8e\x88\x82qy\x90\x85\x7fn\x84\x8d\x83zp\x8c\x89\x82sw\x8f\x85\x80o\x81\x8e\x83{o'
    b'\x8a\x8a\x82uu\x8e\x86\x81p~\x8e\x83}o\x87\x8b\x83ws\x8d\x87\x82r{\x8e\x84~o\x85\x8c\x83yr\x8c\x88\x82sy\x8f\x84\x80o\x82\x8d\x83{p\x8a\x89\x82tv\x8f\x85\x80p\x80\x8e\x83|o\x89\x8a\x83'
    b'vt\x8e\x86\x81p}\x8f\x84}n\x87\x8c\x83wr\x8e\x87\x82qz\x90\x84\x7fn\x84\x8d\x83yp\x8d\x89\x82rw\x90\x85\x80m\x82\x8f\x83zn\x8b\x8a\x83st\x90\x86\x81n\x7f\x90\x84|m\x89\x8c\x83ur\x90'
    b'\x87\x81n|\x91\x84}l\x87\x8e\x83wo\x8f\x89\x82oy\x92\x85\x7fk\x85\x8f\x84xm\x8e\x8a\x83qv\x92\x86\x80k\x82\x90\x84zl\x8c\x8c\x83rs\x92\x87\x81l\x7f\x91\x84|k\x8a\x8d\x83tq\x91\x88\x82m'
    b'|\x92\x85}k\x87\x8e\x83vo\x90\x89\x82oy\x92\x85\x7fk\x85\x8f\x84xn\x8e\x8a\x83qv\x92\x86\x80l\x82\x90\x84zm\x8c\x8b\x83st\x91\x86\x81m\x7f\x90\x84|m\x89\x8c\x83ur\x90\x87\x81o|\x90\x84'
    b'}m\x87\x8c\x83wq\x8e\x88\x82qz\x90\x84\x7fn\x84\x8d\x83yp\x8c\x88\x82sx\x8f\x85\x80o\x82\x8d\x83{p\x8a\x89\x82uv\x8e\x85\x80p\x80\x8d\x83|p\x88\x89\x82wu\x8d\x86\x81r~\x8d\x83~p\x86'
    b'\x8a\x82xt\x8c\x86\x81s|\x8d\x83\x7fq\x84\x8a\x82zs\x8b\x87\x82tz\x8d\x84\x7fq\x83\x8b\x83{s\x89\x87\x82vy\x8c\x84\x80r\x81\x8b\x83|r\x88\x88\x82ww\x8c\x85\x81s\x7f\x8c\x83}r\x87\x89\x82x'
    b'v\x8b\x85\x81s}\x8c\x83~r\x85\x8a\x82yt\x8b\x86\x81t{\x8d\x83\x7fq\x84\x8b\x82zs\x8a\x87\x82uy\x8d\x84\x80q\x82\x8b\x83{r\x8a\x88\x82ux\x8d\x85\x80q\x80\x8c\x83|q\x89\x89\x82vv\x8d\x85'
    b'\x81q~\x8d\x83}p\x87\x8a\x82wt\x8d\x86\x81r|\x8e\x84~o\x86\x8b\x83xr\x8d\x87\x82rz\x8f\x84\x7fo\x84\x8c\x83yq\x8c\x88\x82sx\x8f\x85\x80o\x82\x8d\x83zp\x8b\x89\x82tv\x8f\x85\x80o\x80'
    b'\x8e\x83|o\x8a\x8a\x83uu\x8f\x86\x81p~\x8f\x84}o\x88\x8b\x83vs\x8e\x86\x81p|\x8f\x84~n\x86\x8c\x83xr\x8d\x87\x82r{\x8f\x84\x7fo\x85\x8c\x83yq\x8c\x88\x82sy\x8f\x84\x7fo\x83\x8c\x83z'
    b'q\x8b\x88\x82tx\x8e\x85\x80p\x81\x8d\x83|q\x89\x89\x82vw\x8d\x85\x81q\x7f\x8d\x83}q\x88\x89\x82wv\x8c\x85\x81s~\x8c\x83~q\x86\x89\x82yu\x8b\x86\x81t|\x8c\x83~r\x85\x89\x82zu\x8a\x86'
    b'\x81u{\x8c\x83\x7fs\x83\x8a\x82{u\x89\x86\x82vz\x8b\x83\x80s\x82\x8a\x82|t\x88\x86\x82wy\x8b\x84\x80t\x81\x8a\x82}t\x87\x87\x82xy\x8a\x84\x80u\x7f\x8a\x82~t\x86\x87\x82yx\x8a\x84\x81u~'
    b'\x8a\x82~t\x85\x87\x82zw\x89\x85\x81v}\x8a\x83\x7ft\x84\x88\x82{v\x89\x85\x81v|\x8a\x83\x7ft\x83\x88\x82{v\x88\x85\x81w{\x8a\x83\x80t\x82\x89\x82|u\x88\x86\x82wz\x8a\x83\x80t\x81\x8a\x82|'
    b't\x87\x87\x82xy\x8b\x84\x80t\x80\x8a\x82}t\x87\x87\x82xx\x8b\x84\x81t\x7f\x8b\x83~s\x86\x88\x82yv\x8b\x85\x81t}\x8b\x83~r\x85\x89\x82yu\x8a\x85\x81t|\x8c\x83\x7fr\x84\x8a\x82zt\x8a\x86'
    b'\x81u{\x8c\x83\x7fr\x83\x8a\x82{t\x8a\x87\x82uz\x8c\x84\x80r\x82\x8b\x82{s\x89\x87\x82vy\x8c\x84\x80r\x81\x8b\x83|s\x88\x88\x82wx\x8c\x84\x80s\x80\x8b\x83}r\x87\x88\x82xw\x8b\x85\x81s\x7f'
    b'\x8b\x83}s\x86\x88\x82xv\x8b\x85\x81t~\x8b\x83~s\x85\x88\x82yv\x8a\x85\x81u}\x8b\x83\x7fs\x84\x89\x82zv\x89\x85\x81v|\x8b\x83\x7ft\x83\x89\x82{v\x89\x85\x81w{\x8a\x83\x7ft\x82\x88\x82|'
    b'v\x88\x85\x81x{\x8a\x83\x80u\x81\x88\x82|v\x87\x86\x81xz\x89\x83\x80v\x81\x88\x82}v\x86\x86\x81yz\x89\x83\x80v\x80\x88\x82~v\x85\x86\x81zz\x88\x83\x80w\x7f\x88\x82~w\x85\x86\x81{y\x88\x83'
    b'\x81x\x7f\x88\x82~w\x84\x86\x81{y\x87\x83\x81x~\x88\x82\x7fw\x83\x86\x81|y\x87\x84\x81x}\x88\x82\x7fw\x83\x86\x81|y\x87\x84\x81y}\x88\x82\x7fw\x82\x86\x82|x\x86\x84\x81y|\x88\x82\x80w\x82'
    b'\x87\x82}x\x86\x84\x81y|\x88\x83\x80w\x81\x87\x82}w\x86\x85\x81y{\x88\x83\x80w\x81\x87\x82}w\x86\x85\x81yz\x88\x83\x80w\x80\x88\x82}v\x86\x86\x81zz\x88\x83\x80v\x80\x88\x82~v\x85\x86\x81z'
    b'y\x88\x83\x81v\x7f\x89\x82~v\x85\x86\x82zy\x88\x84\x81w~\x89\x82~u\x84\x87\x82zx\x88\x84\x81w~\x89\x82\x7fu\x84\x87\x82{x\x88\x84\x81w}\x89\x82\x7fu\x83\x87\x82{w\x88\x84\x81w}\x89\x82'
    b'\x7fu\x83\x87\x82|w\x88\x85\x81x|\x89\x83\x7fv\x82\x87\x82|w\x87\x85\x81x|\x89\x83\x80v\x82\x87\x82|w\x87\x85\x81y|\x88\x83\x80v\x81\x87\x82}w\x86\x85\x81y{\x88\x83\x80w\x81\x87\x82}x\x86'
    b'\x85\x81z{\x88\x83\x80w\x80\x87\x82~x\x85\x85\x81z{\x87\x83\x80x\x80\x87\x82~x\x84\x85\x81{{\x87\x83\x80y\x80\x86\x81~x\x84\x84\x81{{\x86\x83\x80y\x7f\x86\x81\x7fy\x84\x84\x81|{\x86\x82\x80y'
    b'\x7f\x86\x81\x7fy\x83\x84\x81|{\x86\x82\x80z\x7f\x86\x81\x7fy\x83\x84\x81|{\x85\x82\x81z\x7f\x86\x81\x7fy\x83\x84\x81}{\x85\x83\x81z~\x85\x81\x7fz\x82\x84\x81}{\x85\x83\x81{~\x85\x81\x7fz\x82\x84\x81'
    b'}{\x85\x83\x81{~\x85\x81\x7fz\x82\x84\x81}{\x85\x83\x81{~\x86\x82\x80z\x82\x85\x81}z\x85\x83\x81{~\x86\x82\x80y\x81\x85\x81}z\x85\x83\x81{}\x86\x82\x80y\x81\x85\x81~z\x85\x83\x81{}\x86'
    b'\x82\x80y\x81\x85\x81~z\x85\x83\x81{}\x86\x82\x80y\x81\x85\x81~z\x84\x84\x81{}\x86\x82\x80y\x81\x85\x81~y\x84\x84\x81{|\x86\x82\x80y\x81\x86\x81~y\x84\x84\x81{|\x86\x82\x80y\x80\x86\x81~y'
    b'\x84\x84\x81{|\x86\x82\x80y\x80\x86\x81~y\x84\x84\x81{|\x86\x82\x80y\x80\x86\x81~y\x84\x84\x81||\x86\x82\x80z\x80\x85\x81~z\x84\x84\x81||\x85\x82\x80z\x80\x85\x81\x7fz\x83\x84\x81||\x85\x82\x80'
    b'z\x80\x85\x81\x7fz\x83\x84\x81||\x85\x82\x80{\x7f\x85\x81\x7fz\x83\x83\x81}|\x85\x82\x80{\x7f\x85\x81\x7f{\x83\x83\x81}|\x84\x82\x80{\x7f\x84\x81\x7f{\x82\x83\x81}|\x84\x82\x80|\x7f\x84\x81\x7f{\x82\x83'
    b'\x81}}\x84\x82\x80|\x7f\x84\x81\x7f{\x82\x83\x81~}\x84\x82\x80|\x7f\x84\x81\x7f|\x82\x83\x81~}\x83\x82\x80|\x7f\x83\x81\x7f|\x82\x83\x81~}\x83\x81\x80}\x7f\x83\x81\x7f|\x82\x82\x81~}\x83\x81\x80}\x7f'
    b'\x83\x81\x7f|\x81\x82\x81~}\x83\x81\x80}\x7f\x83\x81\x7f|\x81\x82\x81~}\x83\x81\x80}\x7f\x83\x81\x80|\x81\x82\x81~}\x83\x81\x80}\x7f\x83\x81\x80|\x81\x82\x81~}\x83\x81\x80}\x7f\x83\x81\x80|\x81\x82\x81~'
    b'}\x83\x81\x80}\x7f\x83\x81\x80|\x81\x82\x81~}\x83\x81\x80}\x7f\x83\x81\x80|\x81\x82\x81~}\x83\x81\x80}\x7f\x83\x81\x80|\x81\x82\x81~}\x83\x81\x80}\x7f\x83\x81\x80|\x81\x82\x81~}\x83\x81\x80}\x7f\x83\x81'
    b'\x80|\x81\x82\x81~}\x83\x81\x80}\x7f\x83\x81\x80|\x81\x82\x81~}\x83\x81\x80}\x7f\x83\x81\x80|\x81\x82\x81~}\x83\x81\x80}\x7f\x83\x81\x80}\x81\x82\x81~}\x83\x81\x80}\x7f\x83\x81\x80}\x81\x82\x80~~\x82'
    b'\x81\x80}\x7f\x83\x81\x80}\x81\x82\x80\x7f~\x82\x81\x80~\x7f\x82\x81\x80}\x81\x82\x80\x7f~\x82\x81\x80~\x7f\x82\x81\x80}\x81\x82\x80\x7f~\x82\x81\x80~\x7f\x82\x81\x80~\x81\x82\x80\x7f~\x82\x81\x80~\x7f\x82\x80\x80~'
    b'\x81\x81\x80\x7f~\x82\x81\x80~\x80\x82\x80\x80~\x81\x81\x80\x7f\x7f\x81\x81\x80~\x80\x82\x80\x80~\x81\x81\x80\x7f\x7f\x81\x81\x80\x7f\x80\x81\x80\x80~\x81\x81\x80\x7f\x7f\x81\x81\x80\x7f\x80\x81\x80\x80\x7f\x81\x81\x80\x7f\x7f\x81\x81\x80'
    b'\x7f\x80\x81\x80\x80\x7f\x81\x81\x80\x7f\x7f\x81\x80\x80\x7f\x80\x81\x80\x80\x7f\x81\x81\x80\x7f\x7f\x81\x80\x80\x7f\x80\x81\x80\x80\x7f\x80\x81\x80\x7f\x7f\x81\x80\x80\x7f\x80\x81\x80\x80\x7f\x80\x81\x80\x7f\x7f\x81\x80\x80\x7f\x80\x81\x80\x80\x7f\x80\x81'
    b'\x80\x7f\x7f\x81\x80\x80\x7f\x80\x81\x80\x80\x7f\x80\x80\x80\x80\x7f\x81\x80\x80\x7f\x80\x81\x80\x80\x7f\x80\x80\x80\x80\x80\x81\x80\x80\x7f\x80\x81\x80\x80\x7f\x80\x80\x80\x80\x80\x80\x80\x80\x7f\x80\x80\x80\x80\x7f\x80\x80\x80\x80\x80\x80\x80\x80\x80\x80'
    b'\x80\x80\x80\x80\x80\x80\x80\x80\x80\x80\x80\x80\x80\x80\x80\x80\x80\x80\x80\x80\x80\x80\x80\x80\x80\x80\x80\x80\x80\x80\x80\x80\x80\x80\x80\x80\x80\x80\x80\x80\x80\x80\x80\x80\x80\x80\x80\x80\x80\x80\x80\x80\x80\x80\x80\x80\x80\x80\x80\x80\x80\x80\x80\x80'
    b'\x80\x80\x80\x80\x80\x80\x80\x80\x80\x80\x80\x80\x80\x80\x80\x80\x80\x80\x80\x80\x80\x80\x80\x80\x80\x80\x80\x80\x80\x80\x80\x80\x80\x80\x80\x80\x80\x80\x80\x80\x80\x80\x80\x80\x80\x80\x80\x80\x80\x80\x80\x80\x80\x80\x80\x80\x80\x80\x80\x80\x80\x80\x80\x80'
    b'\x80\x80\x80\x80\x80\x80\x80\x80\x80\x80\x80\x80\x80\x80\x80\x80\x80\x80\x80\x80\x80\x80\x80\x80\x80\x80\x80\x80\x80\x80\x80\x80\x80\x80\x80\x80\x80\x80\x80\x80\x80\x80\x80\x80\x80\x80\x80\x80\x80\x80\x80\x80\x80\x80\x80\x80\x80\x80\x80\x80\x80\x80\x80\x80'
    b'\x80\x80\x80\x80\x80\x80\x80\x80\x80\x80\x80\x80\x80\x80\x80\x80\x80\x80\x80\x80\x80\x80\x80\x80\x80\x80\x80\x80\x80\x80\x80\x80\x80\x80\x80\x80\x80\x80\x80\x80\x80\x80\x80\x80\x80\x80\x80\x80\x80\x80\x80\x80\x80\x80\x80\x80\x80\x80\x80\x80\x80\x80\x80\x80'
    b'\x80\x80\x80\x80\x80\x80\x80\x80\x80\x80\x80\x80\x80\x80\x80\x80\x80\x80\x80\x80\x80\x80\x80\x80\x80\x80\x80\x80\x80\x80\x80\x80\x80\x80\x80\x80\x80\x80\x80\x80\x80\x80\x80\x80\x80\x80\x80\x80\x80\x80\x80\x80\x80\x80\x80\x80\x80\x80\x80\x80\x80\x80\x80\x80'
    b'\x80\x80\x80\x80\x80\x80\x80\x80\x80\x80\x80\x80\x80\x80\x80\x80\x80\x80\x80\x80\x80\x80\x80\x80\x80\x80\x80\x80\x80\x80\x80\x80\x80\x80\x80\x80\x80\x80\x80\x80\x80\x80\x80\x80\x80\x80\x80\x80\x80\x80\x80\x80\x80\x80\x80\x80\x80\x80\x80\x80\x80\x80\x80\x80'
    b'\x80\x80\x80\x80\x80\x80\x80\x80\x80\x80\x80\x80\x80\x80\x80\x80\x80\x80\x80\x80\x80\x80\x80\x80\x80\x80\x80\x80\x80\x80\x80\x80\x80\x80\x80\x80\x80\x80\x80\x80\x80\x80\x80\x80\x80\x80\x80\x80\x80\x80\x80\x80\x80\x80\x80\x80\x80\x80\x80\x80\x80\x80\x80\x80'
    b'\x80\x80\x80\x80\x80\x80\x80\x80\x80\x80\x80\x80\x80\x80\x80\x80\x80\x80\x80\x80\x80\x80\x80\x80\x80\x80\x80\x80\x80\x80\x80\x80\x80\x80\x80\x80\x80\x80\x80\x80\x80\x80\x80\x80\x80\x80\x80\x80\x80\x80\x80\x80\x80\x80\x80\x80\x80\x80\x80\x80\x80\x80\x80\x80'
    b'\x80\x80\x80\x80\x80\x80\x80\x80\x80\x80\x80\x80\x80\x80\x80\x80\x80\x80\x80\x80\x80\x80\x80\x80\x80\x80\x80\x80\x80\x80\x80\x80\x80\x80\x80\x80\x80\x80\x80\x80\x80\x80\x80\x80\x80\x80\x80\x80\x80\x80\x80\x80\x80\x80\x80\x80\x80\x80\x80\x80\x80\x80\x80\x80'
    b'\x80\x80\x80\x80\x80\x80\x80\x80\x80\x80\x80\x80\x80\x80\x80\x80\x80\x80\x80\x80\x80\x80\x80\x80\x80\x80\x80\x80\x80\x80\x80\x80\x80\x80\x80\x80\x80\x80\x80\x80\x80\x80\x80\x80\x80\x80\x80\x80\x80\x80\x80\x80\x80\x80\x80\x80\x80\x80\x80\x80\x80\x80\x80\x80'
    b'\x80\x80\x80\x80\x80\x80\x80\x80\x80\x80\x80\x80\x80\x80\x80\x80\x80\x80\x80\x80\x80\x80\x80\x80\x80\x80\x80\x80\x80\x80\x80\x80\x80\x80\x80\x80\x80\x80\x80\x80\x80\x80\x80\x80\x80\x80\x80\x80\x80\x80\x80\x80\x80\x80\x80\x80\x80\x80\x80\x80\x80\x80\x80\x80'
    b'\x80\x80\x80\x80\x80\x80\x80\x80\x80\x80\x80\x80\x80\x80\x80\x80\x80\x80\x80\x80\x80\x80\x80\x80\x80\x80\x80\x80\x80\x80\x80\x80\x80\x80\x80\x80\x80\x80\x80\x80\x80\x80\x80\x80\x80\x80\x80\x80\x80\x80\x80\x80\x80\x80\x80\x80\x80\x80\x80\x80\x80\x80\x80\x80'
    b'\x80\x80\x80\x80\x80\x80\x80\x80\x80\x80\x80\x80\x80\x80\x80\x80\x80\x80\x80\x80\x80\x80\x80\x80\x80\x80\x80\x80\x80\x80\x80\x80\x80\x80\x80\x80\x80\x80\x80\x80\x80\x80\x80\x80\x80\x80\x80\x80\x80\x80\x80\x80\x80\x80\x80\x80\x80\x80\x80\x80\x80\x80\x80\x80'
    b'\x80\x80\x80\x80\x80\x80\x80\x80\x80\x80\x80\x80\x80\x80\x80\x80\x80\x80\x80\x80\x80\x80\x80\x80\x80\x80\x80\x80\x80\x80\x80\x80\x80\x80\x80\x80\x80\x80\x80\x80\x80\x80\x80\x80\x80\x80\x80\x80\x80\x80\x80\x80\x80\x80\x80\x80\x80\x80\x80\x80\x80\x80\x80\x80'
    b'\x80\x80\x80\x80\x80\x80\x80\x80\x80\x80\x80\x80\x80\x80\x80\x80\x80\x80\x80\x80\x80\x80\x80\x80\x80\x80\x80\x80\x80\x80\x80\x80\x80\x80\x80\x80\x80\x80\x80\x80\x80\x80\x80\x80\x80\x80\x80\x80\x80\x80\x80\x80\x80\x80\x80\x80\x80\x80\x80\x80\x80\x80\x80\x80'
    b'\x80\x80\x80\x80\x80\x80\x80\x80\x80\x80\x80\x80\x80\x80\x80\x80\x80\x80\x80\x80\x80\x80\x80\x80\x80\x80\x80\x80\x80\x80\x80\x80\x80\x80\x80\x80\x80\x80\x80\x80\x80\x80\x80\x80\x80\x80\x80\x80\x80\x80\x80\x80\x80\x80\x80\x80\x80\x80\x80\x80\x80\x80\x80\x80'
    b'\x80\x80\x80\x80\x80\x80\x80\x80\x80\x80\x80\x80\x80\x80\x80\x80\x80\x80\x80\x80\x80\x80\x80\x80\x80\x80\x80\x80\x80\x80\x80\x80\x80\x80\x80\x80\x80\x80\x80\x80\x80\x80\x80\x80\x80\x80\x80\x80\x80\x80\x80\x80\x80\x80\x80\x80\x80\x80\x80\x80\x80\x80\x80\x80'
    b'\x80\x80\x80\x80\x80\x80\x80\x80\x80\x80\x80\x80\x80\x80\x80\x80\x80\x80\x80\x80\x80\x80\x80\x80\x80\x80\x80\x80\x80\x80\x80\x80\x80\x80\x80\x80\x80\x80\x80\x80\x80\x80\x80\x80\x80\x80\x80\x80\x80\x80\x80\x80\x80\x80\x80\x80\x80\x80\x80\x80\x80\x80\x80\x80'
    b'\x80\x80\x80\x80\x80\x80\x80\x80\x80\x80\x80\x80\x80\x80\x80\x80\x80\x80\x80\x80\x80\x80\x80\x80\x80\x80\x80\x80\x80\x80\x80\x80\x80\x80\x80\x80\x80\x80\x80\x80\x80\x80\x80\x80\x80\x80\x80\x80\x80\x80\x80\x80\x80\x80\x80\x80\x80\x80\x80\x80\x80\x80\x80\x80'
    b'\x80\x80\x80\x80\x80\x80\x80\x80\x80\x80\x80\x80\x80\x80\x80\x80\x80\x80\x80\x80\x80\x80\x80\x80\x80\x80\x80\x80\x80\x80\x80\x80\x80\x80\x80\x80\x80\x80\x80\x80\x80\x80\x80\x80\x80\x80\x80\x80\x80\x80\x80\x80\x80\x80\x80\x80\x80\x80\x80\x80\x80\x80\x80\x80'
    b'\x80\x80\x80\x80\x80\x80\x80\x80\x80\x80\x80\x80\x80\x80\x80\x80\x80\x80\x80\x80\x80\x80\x80\x80\x80\x80\x80\x80\x80\x80\x80\x80\x80\x80\x80\x80\x80\x80\x80\x80\x80\x80\x80\x80\x80\x80\x80\x80\x80\x80\x80\x80\x80\x80\x80\x80\x80\x80\x80\x80\x80\x80\x80\x80'
    b'\x80\x80\x80\x80\x80\x80\x80\x80\x80\x80\x80\x80\x80\x80\x80\x80\x80\x80\x80\x80\x80\x80\x80\x80\x80\x80\x80\x80\x80\x80\x80\x80\x80\x80\x80\x80\x80\x80\x80\x80\x80\x80\x80\x80\x80\x80\x80\x80\x80\x80\x80\x80\x80\x80\x80\x80\x80\x80\x80\x80\x80\x80\x80\x80'
    b'\x80\x80\x80\x80\x80\x80\x80\x80\x80\x80\x80\x80\x80\x80\x80\x80\x80\x80\x80\x80\x80\x80\x80\x80\x80\x80\x80\x80\x80\x80\x80\x80\x80\x80\x80\x80\x80\x80\x80\x80\x80\x80\x80\x80\x80\x80\x80\x80\x80\x80\x80\x80\x80\x80\x80\x80\x80\x80\x80\x80\x80\x80\x80\x80'
    b'\x80\x80\x80\x80\x80\x80\x80\x80\x80\x80\x80\x80\x80\x80\x80\x80\x80\x80\x80\x80\x80\x80\x80\x80\x80\x80\x80\x80\x80\x80\x80\x80\x80\x80\x80\x80\x80\x80\x80\x80\x80\x80\x80\x80\x80\x80\x80\x80\x80\x80\x80\x80\x80\x80\x80\x80\x80\x80\x80\x80\x80\x80\x80\x80'
    b'\x80\x80\x80\x80\x80\x80\x80\x80\x80\x80\x80\x80\x80\x80\x80\x80\x80\x80\x80\x80\x80\x80\x80\x80\x80\x80\x80\x80\x80\x80\x80\x80\x80\x80\x80\x80\x80\x80\x80\x80\x80\x80\x80\x80\x80\x80\x80\x80\x80\x80\x80\x80\x80\x80\x80\x80\x80\x80\x80\x80\x80\x80\x80\x80'
    b'\x80\x80\x80\x80\x80\x80\x80\x80\x80\x80\x80\x80\x80\x80\x80\x80\x80\x80\x80\x80\x80\x80\x80\x80\x80\x80\x80\x80\x80\x80\x80\x80\x80\x80\x80\x80\x80\x80\x80\x80\x80\x80\x80\x80\x80\x80\x80\x80\x80\x80\x80\x80\x80\x80\x80\x80\x80\x80\x80\x80\x80\x80\x80\x80'
    b'\x80\x80\x80\x80\x80\x80\x80\x80\x80\x80\x80\x80\x80\x80\x80\x80\x80\x80\x80\x80\x80\x80\x80\x80\x80\x80\x80\x80\x80\x80\x80\x80\x80\x80\x80\x80\x80\x80\x80\x80\x80\x80\x80\x80\x80\x80\x80\x80\x80\x80\x80\x80\x80\x80\x80\x80\x80\x80\x80\x80\x80\x80\x80\x80'
    b'\x80\x80\x80\x80\x80\x80\x80\x80\x80\x80\x80\x80\x80\x80\x80\x80\x80\x80\x80\x80\x80\x80\x80\x80\x80\x80\x80\x80\x80\x80\x80\x80\x80\x80\x80\x80\x80\x80\x80\x80\x80\x80\x80\x80\x80\x80\x80\x80\x80\x80\x80\x80\x80\x80\x80\x80\x80\x80\x80\x80\x80\x80\x80\x80'
    b'\x80\x80\x80\x80\x80\x80\x80\x80\x80\x80\x80\x80\x80\x80\x80\x80\x80\x80\x80\x80\x80\x80\x80\x80\x80\x80\x80\x80\x80\x80\x80\x80\x80\x80\x80\x80\x80\x80\x80\x80\x80\x80\x80\x80\x80\x80\x80\x80\x80\x80\x80\x80\x80\x80\x80\x80\x80\x80\x80\x80\x80\x80\x80\x80'
    b'\x80\x80\x80\x80\x80\x80\x80\x80\x80\x80\x80\x80\x80\x80\x80\x80\x80\x80\x80\x80\x80\x80\x80\x80\x80\x80\x80\x80\x80\x80\x80\x80\x80\x80\x80\x80\x80\x80\x80\x80\x80\x80\x80\x80\x80\x80\x80\x80\x80\x80\x80\x80\x80\x80\x80\x80\x80\x80\x80\x80\x80\x80\x80\x80'
    b'\x80\x80\x80\x80\x80\x80\x80\x80\x80\x80\x80\x80\x80\x80\x80\x80\x80\x80\x80\x80\x80\x80\x80\x80\x80\x80\x80\x80\x80\x80\x80\x80\x80\x80\x80\x80\x80\x80\x80\x80\x80\x80\x80\x80\x80\x80\x80\x80\x80\x80\x80\x80\x80\x80\x80\x80\x80\x80\x80\x80\x80\x80\x80\x80'
    b'\x80\x80\x80\x80\x80\x80\x80\x80\x80\x80\x80\x80\x80\x80\x80\x80\x80\x80\x80\x80\x80\x80\x80\x80\x80\x80\x80\x80\x80\x80\x80\x80\x80\x80\x80\x80\x80\x80\x80\x80\x80\x80\x80\x80\x80\x80\x80\x80\x80\x80\x80\x80\x80\x80\x80\x80\x80\x80\x80\x80\x80\x80\x80\x80'
    b'\x80\x80\x80\x80\x80\x80\x80\x80\x80\x80\x80\x80\x80\x80\x80\x80\x80\x80\x80\x80\x80\x80\x80\x80\x80\x80\x80\x80\x80\x80\x80\x80\x80\x80\x80\x80\x80\x80\x80\x80\x80\x80\x80\x80\x80\x80\x80\x80\x80\x80\x80\x80\x80\x80\x80\x80\x80\x80\x80\x80\x80\x80\x80\x80'
    b'\x80\x80\x80\x80\x80\x80\x80\x80\x80\x80\x80\x80\x80\x80\x80\x80\x80\x80\x80\x80\x80\x80\x80\x80\x80\x80\x80\x80\x80\x80\x80\x80\x80\x80\x80\x80\x80\x80\x80\x80\x80\x80\x80\x80\x80\x80\x80\x80\x80\x80\x80\x80\x80\x80\x80\x80\x80\x80\x80\x80\x80\x80\x80\x80'
    b'\x80\x80\x80\x80\x80\x80\x80\x80\x80\x80\x80\x80\x80\x80\x80\x80\x80\x80\x80\x80\x80\x80\x80\x80\x80\x80\x80\x80\x80\x80\x80\x80\x80\x80\x80\x80\x80\x80\x80\x80\x80\x80\x80\x80\x80\x80\x80\x80\x80\x80\x80\x80\x80\x80\x80\x80\x80\x80\x80\x80\x80\x80\x80\x80'
    b'\x80\x80\x80\x80\x80\x80\x80\x80\x80\x80\x80\x80\x80\x80\x80\x80\x80\x80\x80\x80\x80\x80\x80\x80\x80\x80\x80\x80\x80\x80\x80\x80\x80\x80\x80\x80\x80\x80\x80\x80\x80\x80\x80\x80\x80\x80\x80\x80\x80\x80\x80\x80\x80\x80\x80\x80\x80\x80\x80\x80\x80\x80\x80\x80'
    b'\x80\x80\x80\x80\x80\x80\x80\x80\x80\x80\x80\x80\x80\x80\x80\x80\x80\x80\x80\x80\x80\x80\x80\x80\x80\x80\x80\x80\x80\x80\x80\x80\x80\x80\x80\x80\x80\x80\x80\x80\x80\x80\x80\x80\x80\x80\x80\x80\x80\x80\x80\x80\x80\x80\x80\x80\x80\x80\x80\x80\x80\x80\x80\x80'
    b'\x80\x80\x80\x80\x80\x80\x80\x80\x80\x80\x80\x80\x80\x80\x80\x80\x80\x80\x80\x80\x80\x80\x80\x80\x80\x80\x80\x80\x80\x80\x80\x80\x80\x80\x80\x80\x80\x80\x80\x80\x80\x80\x80\x80\x80\x80\x80\x80\x80\x80\x80\x80\x80\x80\x80\x80\x80\x80\x80\x80\x80\x80\x80\x80'
    b'\x80\x80\x80\x80\x80\x80\x80\x80\x80\x80\x80\x80k\xacs8R^w\xb5\x87\x8bz\xb7VpWn}\x81p\x8c\xc0\xa7Bo\x96\xb9aS\x9a\x86\x7fW\x8ag\x8d\x9d`q\x88\x92\x89X\x80\x85z{\x86\x8f\x9a{\x87\x80'
    b'\x82\x92shi\x88\x8e\x7f}\x87\x8f\x92\x7f~y\x94\x8b}\x85|\x88\x82|\x82\x8a\x7f{}\x84\x8c\x88\x82}\x84\x82~{\x84\x8a\x87~z\x80\x80|\x7fw}\x88|}\x80\x85\x86\x81}~\x87\x83}\x80\x80\x86\x83'
    b'|\x81~\x83\x82{~\x84\x80~\x81\x7f\x80\x80\x80\x80\x80\x80\x80\x80\x80\x80\x80\x80\x80\x80\x80\x80\x80\x80\x80\x80\x80\x80\x80\x80\x80\x80\x80\x80\x80\x80\x80\x80\x80\x80\x80\x80\x80\x80\x80\x80\x80\x80\x80\x80\x80\x80\x80\x80\x80\x80\x80\x80'
    b'\x80\x80\x80\x80\x80\x80\x80\x80\x80\x80\x80\x80\x80\x80\x80\x80\x80\x80\x80\x80\x80\x80\x80\x80\x80\x80\x80\x80\x80\x80\x80\x80\x80\x80\x80\x80\x80\x80\x80\x80\x80\x80\x80\x80\x80\x80\x80\x80\x80\x80\x80\x80\x80\x80\x80\x80\x80\x80\x80\x80\x80\x80\x80\x80'
    b'\x80\x80\x80\x80\x80\x80\x80\x80\x80\x80\x80\x80\x80\x80\x80\x80\x80\x80\x80\x80\x80\x80\x80\x80\x80\x80\x80\x80\x80\x80\x80\x80\x80\x80\x80\x80\x80\x80\x80\x80\x80\x80\x80\x80\x80\x80\x80\x80\x80\x80\x80\x80\x80\x80\x80\x80\x80\x80\x80\x80\x80\x80\x80\x80'
    b'\x80\x80\x80\x80\x80\x80\x80\x80\x80\x80\x80\x80\x80\x80\x80\x80\x80\x80\x80\x80\x80\x80\x80\x80\x80\x80\x80\x80\x80\x80\x80\x80\x80\x80\x80\x80\x80\x80\x80\x80\x80\x80\x80\x80\x80\x80\x80\x80\x80\x80\x80\x80\x80\x80\x80\x80\x80\x80\x80\x80\x80\x80\x80\x80'
    b'\x80\x80\x80\x80\x80\x80\x80\x80\x80\x80\x80\x80\x80\x80\x80\x80\x80\x80\x80\x80\x80\x80\x80\x80\x80\x80\x80\x80\x80\x80\x80\x80\x80\x80\x80\x80\x80\x80\x80\x80\x80\x80\x80\x80\x80\x80\x80\x80\x80\x80\x80\x80\x80\x80\x80\x80\x80\x80\x80\x80\x80\x80\x80\x80'
    b'\x80\x80\x80\x80\x80\x80\x80\x80\x80\x80\x80\x80\x80\x80\x80\x80\x80\x80\x80\x80\x80\x80\x80\x80\x80\x80\x80\x80\x80\x80\x80\x80\x80\x80\x80\x80\x80\x80\x80\x80\x80\x80\x80\x80\x80\x80\x80\x80\x80\x80\x80\x80\x80\x80\x80\x80\x80\x80\x80\x80\x80\x80\x80\x80'
    b'\x80\x80\x80\x80\x80\x80\x80\x80\x80\x80\x80\x80\x80\x80\x80\x80\x80\x80\x80\x80\x80\x80\x80\x80\x80\x80\x80\x80\x80\x80\x80\x80\x80\x80\x80\x80\x80\x80\x80\x80\x80\x80\x80\x80\x80\x80\x80\x80\x80\x80\x80\x80\x80\x80\x80\x80\x80\x80\x80\x80\x80\x80\x80\x80'
    b'\x80\x80\x80\x80\x80\x80\x80\x80\x80\x80\x80\x80\x80\x80\x80\x80\x80\x80\x80\x80\x80\x80\x80\x80\x80\x80\x80\x80\x80\x80\x80\x80\x80\x80\x80\x80\x80\x80\x80\x80\x80\x80\x80\x80\x80\x80\x80\x80\x80\x80\x80\x80\x80\x80\x80\x80\x80\x80\x80\x80\x80\x80\x80\x80'
    b'\x80\x80\x80\x80\x80\x80\x80\x80\x80\x80\x80\x80\x8f\xa7\xb2zU\x98\x97\x90:G\x8c~\x87Tv~\x93~\x8e\xa3\x96\x83W\x8duz\x94v\x93x\x89\x84g\x8b\x9b\x89~y\x8f\x94t|v\x81\x87kxt\x88\x8b|h'
    b'}\x81xn\x87\x80\x7f\x81m\x88\x83\x87r{\x82\x86\x88u\x83\x88\x86xs\x7f\x80\x87zu\x7f\x8a{~z\x86\x87\x83w\x81~\x83{\x82\x84\x84\x82z{\x85\x85\x80~\x7f\x7f\x86\x83|~\x83\x82\x80\x81\x7f\x84\x81'
    b'~\x7f~\x83\x81\x80~\x81\x80}}\x82\x80\x80\x80\x80\x80\x80\x80\x80\x80\x80\x80\x80\x80\x80\x80\x80\x80\x80\x80\x80\x80\x80\x80\x80\x80\x80\x80\x80\x80\x80\x80\x80\x80\x80\x80\x80\x80\x80\x80\x80\x80\x80\x80\x80\x80\x80\x80\x80\x80\x80\x80\x80'
    b'\x80\x80\x80\x80\x80\x80\x80\x80\x80\x80\x80\x80\x80\x80\x80\x80\x80\x80\x80\x80\x80\x80\x80\x80\x80\x80\x80\x80\x80\x80\x80\x80\x80\x80\x80\x80\x80\x80\x80\x80\x80\x80\x80\x80\x80\x80\x80\x80\x80\x80\x80\x80\x80\x80\x80\x80\x80\x80\x80\x80\x80\x80\x80\x80'
    b'\x80\x80\x80\x80\x80\x80\x80\x80\x80\x80\x80\x80\x80\x80\x80\x80\x80\x80\x80\x80\x80\x80\x80\x80\x80\x80\x80\x80\x80\x80\x80\x80\x80\x80\x80\x80\x80\x80\x80\x80\x80\x80\x80\x80\x80\x80\x80\x80\x80\x80\x80\x80\x80\x80\x80\x80\x80\x80\x80\x80\x80\x80\x80\x80'
    b'\x80\x80\x80\x80\x80\x80\x80\x80\x80\x80\x80\x80\x80\x80\x80\x80\x80\x80\x80\x80\x80\x80\x80\x80\x80\x80\x80\x80\x80\x80\x80\x80\x80\x80\x80\x80\x80\x80\x80\x80\x80\x80\x80\x80\x80\x80\x80\x80\x80\x80\x80\x80\x80\x80\x80\x80\x80\x80\x80\x80\x80\x80\x80\x80'
    b'\x80\x80\x80\x80\x80\x80\x80\x80\x80\x80\x80\x80\x80\x80\x80\x80\x80\x80\x80\x80\x80\x80\x80\x80\x80\x80\x80\x80\x80\x80\x80\x80\x80\x80\x80\x80\x80\x80\x80\x80\x80\x80\x80\x80\x80\x80\x80\x80\x80\x80\x80\x80\x80\x80\x80\x80\x80\x80\x80\x80\x80\x80\x80\x80'
    b'\x80\x80\x80\x80\x80\x80\x80\x80\x80\x80\x80\x80\x80\x80\x80\x80\x80\x80\x80\x80\x80\x80\x80\x80\x80\x80\x80\x80\x80\x80\x80\x80\x80\x80\x80\x80\x80\x80\x80\x80\x80\x80\x80\x80\x80\x80\x80\x80\x80\x80\x80\x80\x80\x80\x80\x80\x80\x80\x80\x80\x80\x80\x80\x80'
    b'\x80\x80\x80\x80\x80\x80\x80\x80\x80\x80\x80\x80\x80\x80\x80\x80\x80\x80\x80\x80\x80\x80\x80\x80\x80\x80\x80\x80\x80\x80\x80\x80\x80\x80\x80\x80\x80\x80\x80\x80\x80\x80\x80\x80\x80\x80\x80\x80\x80\x80\x80\x80\x80\x80\x80\x80\x80\x80\x80\x80\x80\x80\x80\x80'
    b'\x80\x80\x80\x80\x80\x80\x80\x80\x80\x80\x80\x80\x80\x80\x80\x80\x80\x80\x80\x80\x80\x80\x80\x80\x80\x80\x80\x80\x80\x80\x80\x80\x80\x80\x80\x80\x80\x80\x80\x80\x80\x80\x80\x80\x80\x80\x80\x80\x80\x80\x80\x80\x80\x80\x80\x80\x80\x80\x80\x80\x80\x80\x80\x80'
    b'\x80\x80\x80\x80\x80\x80\x80\x80\x80\x80\x80\x80\x80\x80\x80\x80\x80\x80\x80\x80\x80\x80\x80\x80\x80\x80\x80\x80\x80\x80\x80\x80\x80\x80\x80\x80\x80\x80\x80\x80\x80\x80\x80\x80\x80\x80\x80\x80\x80\x80\x80\x80\x80\x80\x80\x80\x80\x80\x80\x80\x80\x80\x80\x80'
    b'\x80\x80\x80\x80\x80\x80\x80\x80\x80\x80\x80\x80\x80\x80\x80\x80\x80\x80\x80\x80\x80\x80\x80\x80\x80\x80\x80\x80\x80\x80\x80\x80\x80\x80\x80\x80\x80\x80\x80\x80\x80\x80\x80\x80\x80\x80\x80\x80\x80\x80\x80\x80\x80\x80\x80\x80\x80\x80\x80\x80\x80\x80\x80\x80'
    b'\x80\x80\x80\x80\x80\x80\x80\x80\x80\x80\x80\x80\x80\x80\x80\x80\x80\x80\x80\x80\x80\x80\x80\x80\x80\x80\x80\x80\x80\x80\x80\x80\x80\x80\x80\x80\x80\x80\x80\x80\x80\x80\x80\x80\x80\x80\x80\x80\x80\x80\x80\x80\x80\x80\x80\x80\x80\x80\x80\x80\x80\x80\x80\x80'
    b'\x80\x80\x80\x80\x80\x80\x80\x80\x80\x80\x80\x80\x80\x80\x80\x80\x80\x80\x80\x80\x80\x80\x80\x80\x80\x80\x80\x80\x80\x80\x80\x80\x80\x80\x80\x80\x80\x80\x80\x80\x80\x80\x80\x80\x80\x80\x80\x80\x80\x80\x80\x80\x80\x80\x80\x80\x80\x80\x80\x80\x80\x80\x80\x80'
    b'\x80\x80\x80\x80\x80\x80\x80\x80\x80\x80\x80\x80\x80\x80\x80\x80\x80\x80\x80\x80\x80\x80\x80\x80\x80\x80\x80\x80\x80\x80\x80\x80\x80\x80\x80\x80\x80\x80\x80\x80\x80\x80\x80\x80\x80\x80\x80\x80\x80\x80\x80\x80\x80\x80\x80\x80\x80\x80\x80\x80\x80\x80\x80\x80'
    b'\x80\x80\x80\x80\x80\x80\x80\x80\x80\x80\x80\x80\x80\x80\x80\x80\x80\x80\x80\x80\x80\x80\x80\x80\x80\x80\x80\x80\x80\x80\x80\x80\x80\x80\x80\x80\x80\x80\x80\x80\x80\x80\x80\x80\x80\x80\x80\x80\x80\x80\x80\x80\x80\x80\x80\x80\x80\x80\x80\x80\x80\x80\x80\x80'
    b'\x80\x80\x80\x80\x80\x80\x80\x80\x80\x80\x80\x80\x80\x80\x80\x80\x80\x80\x80\x80\x80\x80\x80\x80\x80\x80\x80\x80\x80\x80\x80\x80\x80\x80\x80\x80\x80\x80\x80\x80\x80\x80\x80\x80\x80\x80\x80\x80\x80\x80\x80\x80\x80\x80\x80\x80\x80\x80\x80\x80\x80\x80\x80\x80'
    b'\x80\x80\x80\x80\x80\x80\x80\x80\x80\x80\x80\x80\x80\x80\x80\x80\x80\x80\x80\x80\x80\x80\x80\x80\x80\x80\x80\x80\x80\x80\x80\x80\x80\x80\x80\x80\x80\x80\x80\x80\x80\x80\x80\x80\x80\x80\x80\x80\x80\x80\x80\x80\x80\x80\x80\x80\x80\x80\x80\x80\x80\x80\x80\x80'
    b'\x80\x80\x80\x80\x80\x80\x80\x80\x80\x80\x80\x80\x80\x80\x80\x80\x80\x80\x80\x80\x80\x80\x80\x80\x80\x80\x80\x80\x80\x80\x80\x80\x80\x80\x80\x80\x80\x80\x80\x80\x80\x80\x80\x80\x80\x80\x80\x80\x80\x80\x80\x80\x80\x80\x80\x80\x80\x80\x80\x80\x80\x80\x80\x80'
    b'\x80\x80\x80\x80\x80\x80\x80\x80\x80\x80\x80\x80\x80\x80\x80\x80\x80\x80\x80\x80\x80\x80\x80\x80\x80\x80\x80\x80\x80\x80\x80\x80\x80\x80\x80\x80\x80\x80\x80\x80\x80\x80\x80\x80\x80\x80\x80\x80\x80\x80\x80\x80\x80\x80\x80\x80\x80\x80\x80\x80\x80\x80\x80\x80'
    b'\x80\x80\x80\x80\x80\x80\x80\x80\x80\x80\x80\x80\x80\x80\x80\x80\x80\x80\x80\x80\x80\x80\x80\x80\x80\x80\x80\x80\x80\x80\x80\x80\x80\x80\x80\x80\x80\x80\x80\x80\x80\x80\x80\x80\x80\x80\x80\x80\x80\x80\x80\x80\x80\x80\x80\x80\x80\x80\x80\x80\x80\x80\x80\x80'
    b'\x80\x80\x80\x80\x80\x80\x80\x80\x80\x80\x80\x80\x80\x80\x80\x80\x80\x80\x80\x80\x80\x80\x80\x80\x80\x80\x80\x80\x80\x80\x80\x80\x80\x80\x80\x80\x80\x80\x80\x80\x80\x80\x80\x80\x80\x80\x80\x80\x80\x80\x80\x80\x80\x80\x80\x80\x80\x80\x80\x80\x80\x80\x80\x80'
    b'\x80\x80\x80\x80\x80\x80\x80\x80\x80\x80\x80\x80\x80\x80\x80\x80\x80\x80\x80\x80\x80\x80\x80\x80\x80\x80\x80\x80\x80\x80\x80\x80\x80\x80\x80\x80\x80\x80\x80\x80\x80\x80\x80\x80\x80\x80\x80\x80\x80\x80\x80\x80\x80\x80\x80\x80\x80\x80\x80\x80\x80\x80\x80\x80'
    b'\x80\x80\x80\x80\x80\x80\x80\x80\x80\x80\x80\x80\x80\x80\x80\x80\x80\x80\x80\x80\x80\x80\x80\x80\x80\x80\x80\x80\x80\x80\x80\x80\x80\x80\x80\x80\x80\x80\x80\x80\x80\x80\x80\x80\x80\x80\x80\x80\x80\x80\x80\x80\x80\x80\x80\x80\x80\x80\x80\x80\x80\x80\x80\x80'
    b'\x80\x80\x80\x80\x80\x80\x80\x80\x80\x80\x80\x80\x80\x80\x80\x80\x80\x80\x80\x80\x80\x80\x80\x80\x80\x80\x80\x80\x80\x80\x80\x80\x80\x80\x80\x80\x80\x80\x80\x80\x80\x80\x80\x80\x80\x80\x80\x80\x80\x80\x80\x80\x80\x80\x80\x80\x80\x80\x80\x80\x80\x80\x80\x80'
    b'\x80\x80\x80\x80\x80\x80\x80\x80\x80\x80\x80\x80\x80\x80\x80\x80\x80\x80\x80\x80\x80\x80\x80\x80\x80\x80\x80\x80\x80\x80\x80\x80\x80\x80\x80\x80\x80\x80\x80\x80\x80\x80\x80\x80\x80\x80\x80\x80\x80\x80\x80\x80\x80\x80\x80\x80\x80\x80\x80\x80\x80\x80\x80\x80'
    b'\x80\x80\x80\x80\x80\x80\x80\x80\x80\x80\x80\x80\x80\x80\x80\x80\x80\x80\x80\x80\x80\x80\x80\x80\x80\x80\x80\x80\x80\x80\x80\x80\x80\x80\x80\x80\x80\x80\x80\x80\x80\x80\x80\x80\x80\x80\x80\x80\x80\x80\x80\x80\x80\x80\x80\x80\x80\x80\x80\x80\x80\x80\x80\x80'
    b'\x80\x80\x80\x80\x80\x80\x80\x80\x80\x80\x80\x80\x80\x80\x80\x80\x80\x80\x80\x80\x80\x80\x80\x80\x80\x80\x80\x80\x80\x80\x80\x80\x80\x80\x80\x80\x80\x80\x80\x80\x80\x80\x80\x80\x80\x80\x80\x80\x80\x80\x80\x80\x80\x80\x80\x80\x80\x80\x80\x80\x80\x80\x80\x80'
    b'\x80\x80\x80\x80\x80\x80\x80\x80\x80\x80\x80\x80\x80\x80\x80\x80\x80\x80\x80\x80\x80\x80\x80\x80\x80\x80\x80\x80\x80\x80\x80\x80\x80\x80\x80\x80\x80\x80\x80\x80\x80\x80\x80\x80\x80\x80\x80\x80\x80\x80\x80\x80\x80\x80\x80\x80\x80\x80\x80\x80\x80\x80\x80\x80'
    b'\x80\x80\x80\x80\x80\x80\x80\x80\x80\x80\x80\x80\x80\x80\x80\x80\x80\x80\x80\x80\x80\x80\x80\x80\x80\x80\x80\x80\x80\x80\x80\x80\x80\x80\x80\x80\x80\x80\x80\x80\x80\x80\x80\x80\x80\x80\x80\x80\x80\x80\x80\x80\x80\x80\x80\x80\x80\x80\x80\x80\x80\x80\x80\x80'
    b'\x80\x80\x80\x80\x80\x80\x80\x80\x80\x80\x80\x80\x80\x80\x80\x80\x80\x80\x80\x80\x80\x80\x80\x80\x80\x80\x80\x80\x80\x80\x80\x80\x80\x80\x80\x80\x80\x80\x80\x80\x80\x80\x80\x80\x80\x80\x80\x80\x80\x80\x80\x80\x80\x80\x80\x80\x80\x80\x80\x80\x80\x80\x80\x80'
    b'\x80\x80\x80\x80\x80\x80\x80\x80\x80\x80\x80\x80\x80\x80\x80\x80\x80\x80\x80\x80\x80\x80\x80\x80\x80\x80\x80\x80\x80\x80\x80\x80\x80\x80\x80\x80\x80\x80\x80\x80\x80\x80\x80\x80\x80\x80\x80\x80\x80\x80\x80\x80\x80\x80\x80\x80\x80\x80\x80\x80\x80\x80\x80\x80'
    b'\x80\x80\x80\x80\x80\x80\x80\x80\x80\x80\x80\x80\x80\x80\x80\x80\x80\x80\x80\x80\x80\x80\x80\x80\x80\x80\x80\x80\x80\x80\x80\x80\x80\x80\x80\x80\x80\x80\x80\x80\x80\x80\x80\x80\x80\x80\x80\x80\x80\x80\x80\x80\x80\x80\x80\x80\x80\x80\x80\x80\x80\x80\x80\x80'
    b'\x80\x80\x80\x80\x80\x80\x80\x80\x80\x80\x80\x80\x80\x80\x80\x80\x80\x80\x80\x80\x80\x80\x80\x80\x80\x80\x80\x80\x80\x80\x80\x80\x80\x80\x80\x80\x80\x80\x80\x80\x80\x80\x80\x80\x80\x80\x80\x80\x80\x80\x80\x80\x80\x80\x80\x80\x80\x80\x80\x80\x80\x80\x80\x80'
    b'\x80\x80\x80\x80\x80\x80\x80\x80\x80\x80\x80\x80\x80\x80\x80\x80\x80\x80\x80\x80\x80\x80\x80\x80\x80\x80\x80\x80\x80\x80\x80\x80\x80\x80\x80\x80\x80\x80\x80\x80\x80\x80\x80\x80\x80\x80\x80\x80\x80\x80\x80\x80\x80\x80\x80\x80\x80\x80\x80\x80\x80\x80\x80\x80'
    b'\x80\x80\x80\x80\x80\x80\x80\x80\x80\x80\x80\x80\x80\x80\x80\x80\x80\x80\x80\x80\x80\x80\x80\x80\x80\x80\x80\x80\x80\x80\x80\x80\x80\x80\x80\x80\x80\x80\x80\x80\x80\x80\x80\x80\x80\x80\x80\x80\x80\x80\x80\x80\x80\x80\x80\x80\x80\x80\x80\x80\x80\x80\x80\x80'
    b'\x80\x80\x80\x80\x80\x80\x80\x80\x80\x80\x80\x80\x80\x80\x80\x80\x80\x80\x80\x80\x80\x80\x80\x80\x80\x80\x80\x80\x80\x80\x80\x80\x80\x80\x80\x80\x80\x80\x80\x80\x80\x80\x80\x80\x80\x80\x80\x80\x80\x80\x80\x80\x80\x80\x80\x80\x80\x80\x80\x80\x80\x80\x80\x80'
    b'\x80\x80\x80\x80\x80\x80\x80\x80\x80\x80\x80\x80\x80\x80\x80\x80\x80\x80\x80\x80\x80\x80\x80\x80\x80\x80\x80\x80\x80\x80\x80\x80\x80\x80\x80\x80\x80\x80\x80\x80\x80\x80\x80\x80\x80\x80\x80\x80\x80\x80\x80\x80\x80\x80\x80\x80\x80\x80\x80\x80\x80\x80\x80\x80'
    b'\x80\x80\x80\x80\x80\x80\x80\x80\x80\x80\x80\x80\x80\x80\x80\x80\x80\x80\x80\x80\x80\x80\x80\x80\x80\x80\x80\x80\x80\x80\x80\x80\x80\x80\x80\x80\x80\x80\x80\x80\x80\x80\x80\x80\x80\x80\x80\x80\x80\x80\x80\x80\x80\x80\x80\x80\x80\x80\x80\x80\x80\x80\x80\x80'
    b'\x80\x80\x80\x80\x80\x80\x80\x80\x80\x80\x80\x80\x80\x80\x80\x80\x80\x80\x80\x80\x80\x80\x80\x80\x80\x80\x80\x80\x80\x80\x80\x80\x80\x80\x80\x80\x80\x80\x80\x80\x80\x80\x80\x80\x80\x80\x80\x80\x80\x80\x80\x80\x80\x80\x80\x80\x80\x80\x80\x80\x80\x80\x80\x80'
    b'\x80\x80\x80\x80\x80\x80\x80\x80\x80\x80\x80\x80\xad\xb0\xb2cjf\x89]\x83G\xacyLkX\x85\x8e\x80`\xb1\xad\x92wx\xb0\x95cio\x80\x9a\x81\x83|\x98|YW\x9d\xa2\x89svy\x98\x90v\x8f\x91\x87\x81{'
    b'\x8e\x90\x91l\x80\x92ztkw\x96\x8avt\x8d\x82\x8eux\x84\x85wt\x86\x87}{t\x81\x8az\x80u{\x80z\x82v\x86\x82\x81w{\x82\x87z{{\x86~~}\x85\x80\x84z\x80\x82\x80{~\x83\x84\x7f'
    b'\x7f}\x80\x85\x7f|\x80\x84\x80}\x7f\x7f\x80\x80\x80\x80\x80\x80\x80\x80\x80\x80\x80\x80\x80\x80\x80\x80\x80\x80\x80\x80\x80\x80\x80\x80\x80\x80\x80\x80\x80\x80\x80\x80\x80\x80\x80\x80\x80\x80\x80\x80\x80\x80\x80\x80\x80\x80\x80\x80\x80\x80\x80\x80'
    b'\x80\x80\x80\x80\x80\x80\x80\x80\x80\x80\x80\x80\x80\x80\x80\x80\x80\x80\x80\x80\x80\x80\x80\x80\x80\x80\x80\x80\x80\x80\x80\x80\x80\x80\x80\x80\x80\x80\x80\x80\x80\x80\x80\x80\x80\x80\x80\x80\x80\x80\x80\x80\x80\x80\x80\x80\x80\x80\x80\x80\x80\x80\x80\x80'
    b'\x80\x80\x80\x80\x80\x80\x80\x80\x80\x80\x80\x80\x80\x80\x80\x80\x80\x80\x80\x80\x80\x80\x80\x80\x80\x80\x80\x80\x80\x80\x80\x80\x80\x80\x80\x80\x80\x80\x80\x80\x80\x80\x80\x80\x80\x80\x80\x80\x80\x80\x80\x80\x80\x80\x80\x80\x80\x80\x80\x80\x80\x80\x80\x80'
    b'\x80\x80\x80\x80\x80\x80\x80\x80\x80\x80\x80\x80\x80\x80\x80\x80\x80\x80\x80\x80\x80\x80\x80\x80\x80\x80\x80\x80\x80\x80\x80\x80\x80\x80\x80\x80\x80\x80\x80\x80\x80\x80\x80\x80\x80\x80\x80\x80\x80\x80\x80\x80\x80\x80\x80\x80\x80\x80\x80\x80\x80\x80\x80\x80'
    b'\x80\x80\x80\x80\x80\x80\x80\x80\x80\x80\x80\x80\x80\x80\x80\x80\x80\x80\x80\x80\x80\x80\x80\x80\x80\x80\x80\x80\x80\x80\x80\x80\x80\x80\x80\x80\x80\x80\x80\x80\x80\x80\x80\x80\x80\x80\x80\x80\x80\x80\x80\x80\x80\x80\x80\x80\x80\x80\x80\x80\x80\x80\x80\x80'
    b'\x80\x80\x80\x80\x80\x80\x80\x80\x80\x80\x80\x80\x80\x80\x80\x80\x80\x80\x80\x80\x80\x80\x80\x80\x80\x80\x80\x80\x80\x80\x80\x80\x80\x80\x80\x80\x80\x80\x80\x80\x80\x80\x80\x80\x80\x80\x80\x80\x80\x80\x80\x80\x80\x80\x80\x80\x80\x80\x80\x80\x80\x80\x80\x80'
    b'\x80\x80\x80\x80\x80\x80\x80\x80\x80\x80\x80\x80\x80\x80\x80\x80\x80\x80\x80\x80\x80\x80\x80\x80\x80\x80\x80\x80\x80\x80\x80\x80\x80\x80\x80\x80\x80\x80\x80\x80\x80\x80\x80\x80\x80\x80\x80\x80\x80\x80\x80\x80\x80\x80\x80\x80\x80\x80\x80\x80\x80\x80\x80\x80'
    b'\x80\x80\x80\x80\x80\x80\x80\x80\x80\x80\x80\x80\x80\x80\x80\x80\x80\x80\x80\x80\x80\x80\x80\x80\x80\x80\x80\x80\x80\x80\x80\x80\x80\x80\x80\x80\x80\x80\x80\x80\x80\x80\x80\x80\x80\x80\x80\x80\x80\x80\x80\x80\x80\x80\x80\x80\x80\x80\x80\x80\x80\x80\x80\x80'
    b'\x80\x80\x80\x80\x80\x80\x80\x80\x80\x80\x80\x80\x80\x80\x80\x80\x80\x80\x80\x80\x80\x80\x80\x80\x80\x80\x80\x80\x80\x80\x80\x80\x80\x80\x80\x80\x80\x80\x80\x80\x80\x80\x80\x80\x80\x80\x80\x80\x80\x80\x80\x80\x80\x80\x80\x80\x80\x80\x80\x80\x80\x80\x80\x80'
    b'\x80\x80\x80\x80\x80\x80\x80\x80\x80\x80\x80\x80\x80\x80\x80\x80\x80\x80\x80\x80\x80\x80\x80\x80\x80\x80\x80\x80\x80\x80\x80\x80\x80\x80\x80\x80\x80\x80\x80\x80\x80\x80\x80\x80\x80\x80\x80\x80\x80\x80\x80\x80\x80\x80\x80\x80\x80\x80\x80\x80\x80\x80\x80\x80'
    b'\x80\x80\x80\x80\x80\x80\x80\x80\x80\x80\x80\x80\x80\x80\x80\x80\x80\x80\x80\x80\x80\x80\x80\x80\x80\x80\x80\x80\x80\x80\x80\x80\x80\x80\x80\x80\x80\x80\x80\x80\x80\x80\x80\x80\x80\x80\x80\x80\x80\x80\x80\x80\x80\x80\x80\x80\x80\x80\x80\x80\x80\x80\x80\x80'
    b'\x80\x80\x80\x80\x80\x80\x80\x80\x80\x80\x80\x80\x80\x80\x80\x80\x80\x80\x80\x80\x80\x80\x80\x80\x80\x80\x80\x80\x80\x80\x80\x80\x80\x80\x80\x80\x80\x80\x80\x80\x80\x80\x80\x80\x80\x80\x80\x80\x80\x80\x80\x80\x80\x80\x80\x80\x80\x80\x80\x80\x80\x80\x80\x80'
    b'\x80\x80\x80\x80\x80\x80\x80\x80\x80\x80\x80\x80\x80\x80\x80\x80\x80\x80\x80\x80\x80\x80\x80\x80\x80\x80\x80\x80\x80\x80\x80\x80\x80\x80\x80\x80\x80\x80\x80\x80\x80\x80\x80\x80\x80\x80\x80\x80\x80\x80\x80\x80\x80\x80\x80\x80\x80\x80\x80\x80\x80\x80\x80\x80'
    b'\x80\x80\x80\x80\x80\x80\x80\x80\x80\x80\x80\x80\x80\x80\x80\x80\x80\x80\x80\x80\x80\x80\x80\x80\x80\x80\x80\x80\x80\x80\x80\x80\x80\x80\x80\x80\x80\x80\x80\x80\x80\x80\x80\x80\x80\x80\x80\x80\x80\x80\x80\x80\x80\x80\x80\x80\x80\x80\x80\x80\x80\x80\x80\x80'
    b'\x80\x80\x80\x80\x80\x80\x80\x80\x80\x80\x80\x80\x80\x80\x80\x80\x80\x80\x80\x80\x80\x80\x80\x80\x80\x80\x80\x80\x80\x80\x80\x80\x80\x80\x80\x80\x80\x80\x80\x80\x80\x80\x80\x80\x80\x80\x80\x80\x80\x80\x80\x80\x80\x80\x80\x80\x80\x80\x80\x80\x80\x80\x80\x80'
    b'\x80\x80\x80\x80\x80\x80\x80\x80\x80\x80\x80\x80\x80\x80\x80\x80\x80\x80\x80\x80\x80\x80\x80\x80\x80\x80\x80\x80\x80\x80\x80\x80\x80\x80\x80\x80\x80\x80\x80\x80\x80\x80\x80\x80\x93\xbf\x95\x8egf\x8ak}\x86\xaa\xb4xU\x86\x80\xa5u\x83~'
    b'\x9bsd\x8e\x97\xa1\x83vm\x8a\x91p\x86\x94\x83\x84\x80|x\x8euux|\x91y\x84~\x85\x8e\x7fr\x7f\x95untz\x80\x84\x80\x85\x86\x85|s\x81\x8d\x89t\x81\x81\x7f|tz\x89}}z\x81\x81\x85x'
    b'z|\x7f~\x82\x81\x84\x84\x83z\x83\x84\x84~|\x80\x84\x7f}{\x81\x82}{~\x80\x80|}\x83\x84\x81\x80\x7f\x7f\x80\x7f\x81\x7f\x80\x82\x82\x7f\x7f\x80\x80\x80\x80\x80\x80\x80\x80\x80\x80\x80\x80\x80\x80\x80\x80\x80\x80\x80\x80'
    b'\x80\x80\x80\x80\x80\x80\x80\x80\x80\x80\x80\x80\x80\x80\x80\x80\x80\x80\x80\x80\x80\x80\x80\x80\x80\x80\x80\x80\x80\x80\x80\x80\x80\x80\x80\x80\x80\x80\x80\x80\x80\x80\x80\x80\x80\x80\x80\x80\x80\x80\x80\x80\x80\x80\x80\x80\x80\x80\x80\x80\x80\x80\x80\x80'
    b'\x80\x80\x80\x80\x80\x80\x80\x80\x80\x80\x80\x80\x80\x80\x80\x80\x80\x80\x80\x80\x80\x80\x80\x80\x80\x80\x80\x80\x80\x80\x80\x80\x80\x80\x80\x80\x80\x80\x80\x80\x80\x80\x80\x80\x80\x80\x80\x80\x80\x80\x80\x80\x80\x80\x80\x80\x80\x80\x80\x80\x80\x80\x80\x80'
    b'\x80\x80\x80\x80\x80\x80\x80\x80\x80\x80\x80\x80\x80\x80\x80\x80\x80\x80\x80\x80\x80\x80\x80\x80\x80\x80\x80\x80\x80\x80\x80\x80\x80\x80\x80\x80\x80\x80\x80\x80\x80\x80\x80\x80\x80\x80\x80\x80\x80\x80\x80\x80\x80\x80\x80\x80\x80\x80\x80\x80\x80\x80\x80\x80'
    b'\x80\x80\x80\x80\x80\x80\x80\x80\x80\x80\x80\x80\x80\x80\x80\x80\x80\x80\x80\x80\x80\x80\x80\x80\x80\x80\x80\x80\x80\x80\x80\x80\x80\x80\x80\x80\x80\x80\x80\x80\x80\x80\x80\x80\x80\x80\x80\x80\x80\x80\x80\x80\x80\x80\x80\x80\x80\x80\x80\x80\x80\x80\x80\x80'
    b'\x80\x80\x80\x80\x80\x80\x80\x80\x80\x80\x80\x80\x80\x80\x80\x80\x80\x80\x80\x80\x80\x80\x80\x80\x80\x80\x80\x80\x80\x80\x80\x80\x80\x80\x80\x80\x80\x80\x80\x80\x80\x80\x80\x80\x80\x80\x80\x80\x80\x80\x80\x80\x80\x80\x80\x80\x80\x80\x80\x80\x80\x80\x80\x80'
    b'\x80\x80\x80\x80\x80\x80\x80\x80\x80\x80\x80\x80\x80\x80\x80\x80\x80\x80\x80\x80\x80\x80\x80\x80\x80\x80\x80\x80\x80\x80\x80\x80\x80\x80\x80\x80\x80\x80\x80\x80\x80\x80\x80\x80\x80\x80\x80\x80\x80\x80\x80\x80\x80\x80\x80\x80\x80\x80\x80\x80\x80\x80\x80\x80'
    b'\x80\x80\x80\x80\x80\x80\x80\x80\x80\x80\x80\x80\x80\x80\x80\x80\x80\x80\x80\x80\x80\x80\x80\x80\x80\x80\x80\x80\x80\x80\x80\x80\x80\x80\x80\x80\x80\x80\x80\x80\x80\x80\x80\x80\x80\x80\x80\x80\x80\x80\x80\x80\x80\x80\x80\x80\x80\x80\x80\x80\x80\x80\x80\x80'
    b'\x80\x80\x80\x80\x80\x80\x80\x80\x80\x80\x80\x80\x80\x80\x80\x80\x80\x80\x80\x80\x80\x80\x80\x80\x80\x80\x80\x80\x80\x80\x80\x80\x80\x80\x80\x80\x80\x80\x80\x80\x80\x80\x80\x80\x80\x80\x80\x80\x80\x80\x80\x80\x80\x80\x80\x80\x80\x80\x80\x80\x80\x80\x80\x80'
    b'\x80\x80\x80\x80\x80\x80\x80\x80\x80\x80\x80\x80\x80\x80\x80\x80\x80\x80\x80\x80\x80\x80\x80\x80\x80\x80\x80\x80\x80\x80\x80\x80\x80\x80\x80\x80\x80\x80\x80\x80\x80\x80\x80\x80\x80\x80\x80\x80\x80\x80\x80\x80\x80\x80\x80\x80\x80\x80\x80\x80\x80\x80\x80\x80'
    b'\x80\x80\x80\x80\x80\x80\x80\x80\x80\x80\x80\x80\x80\x80\x80\x80\x80\x80\x80\x80\x80\x80\x80\x80\x80\x80\x80\x80\x80\x80\x80\x80\x80\x80\x80\x80\x80\x80\x80\x80\x80\x80\x80\x80\x80\x80\x80\x80\x80\x80\x80\x80\x80\x80\x80\x80\x80\x80\x80\x80\x80\x80\x80\x80'
    b'\x80\x80\x80\x80\x80\x80\x80\x80\x80\x80\x80\x80\x80\x80\x80\x80\x80\x80\x80\x80\x80\x80\x80\x80\x80\x80\x80\x80\x80\x80\x80\x80\x80\x80\x80\x80\x80\x80\x80\x80\x80\x80\x80\x80\x80\x80\x80\x80\x80\x80\x80\x80\x80\x80\x80\x80\x80\x80\x80\x80\x80\x80\x80\x80'
    b'\x80\x80\x80\x80\x80\x80\x80\x80\x80\x80\x80\x80\x80\x80\x80\x80\x80\x80\x80\x80\x80\x80\x80\x80\x80\x80\x80\x80\x80\x80\x80\x80\x80\x80\x80\x80\x80\x80\x80\x80\x80\x80\x80\x80\x80\x80\x80\x80\x80\x80\x80\x80\x80\x80\x80\x80\x80\x80\x80\x80\x80\x80\x80\x80'
    b'\x80\x80\x80\x80\x80\x80\x80\x80\x80\x80\x80\x80\x80\x80\x80\x80\x80\x80\x80\x80\x80\x80\x80\x80\x80\x80\x80\x80\x80\x80\x80\x80\x80\x80\x80\x80\x80\x80\x80\x80\x80\x80\x80\x80\x80\x80\x80\x80\x80\x80\x80\x80\x80\x80\x80\x80\x80\x80\x80\x80\x80\x80\x80\x80'
    b'\x80\x80\x80\x80\x80\x80\x80\x80\x80\x80\x80\x80\x80\x80\x80\x80\x80\x80\x80\x80\x80\x80\x80\x80\x80\x80\x80\x80\x80\x80\x80\x80\x80\x80\x80\x80\x80\x80\x80\x80\x80\x80\x80\x80\x80\x80\x80\x80\x80\x80\x80\x80\x80\x80\x80\x80\x80\x80\x80\x80\x80\x80\x80\x80'
    b'\x80\x80\x80\x80\x80\x80\x80\x80\x80\x80\x80\x80\x80\x80\x80\x80\x80\x80\x80\x80\x80\x80\x80\x80\x80\x80\x80\x80\x80\x80\x80\x80\x80\x80\x80\x80\x80\x80\x80\x80\x80\x80\x80\x80\x80\x80\x80\x80\x80\x80\x80\x80\x80\x80\x80\x80\x80\x80\x80\x80\x80\x80\x80\x80'
    b'\x80\x80\x80\x80\x80\x80\x80\x80\x80\x80\x80\x80\x80\x80\x80\x80\x80\x80\x80\x80\x80\x80\x80\x80\x80\x80\x80\x80\x80\x80\x80\x80\x80\x80\x80\x80\x80\x80\x80\x80\x80\x80\x80\x80\x80\x80\x80\x80\x80\x80\x80\x80\x80\x80\x80\x80\x80\x80\x80\x80\x80\x80\x80\x80'
    b'\x80\x80\x80\x80\x80\x80\x80\x80\x80\x80\x80\x80\x80\x80\x80\x80\x80\x80\x80\x80\x80\x80\x80\x80\x80\x80\x80\x80\x80\x80\x80\x80\x80\x80\x80\x80\x80\x80\x80\x80\x80\x80\x80\x80\x80\x80\x80\x80\x80\x80\x80\x80\x80\x80\x80\x80\x80\x80\x80\x80\x80\x80\x80\x80'
    b'\x80\x80\x80\x80\x80\x80\x80\x80\x80\x80\x80\x80\x80\x80\x80\x80\x80\x80\x80\x80\x80\x80\x80\x80\x80\x80\x80\x80\x80\x80\x80\x80\x80\x80\x80\x80\x80\x80\x80\x80\x80\x80\x80\x80\x80\x80\x80\x80\x80\x80\x80\x80\x80\x80\x80\x80\x80\x80\x80\x80\x80\x80\x80\x80'
    b'\x80\x80\x80\x80\x80\x80\x80\x80\x80\x80\x80\x80\x80\x80\x80\x80\x80\x80\x80\x80\x80\x80\x80\x80\x80\x80\x80\x80\x80\x80\x80\x80\x80\x80\x80\x80\x80\x80\x80\x80\x80\x80\x80\x80\x80\x80\x80\x80\x80\x80\x80\x80\x80\x80\x80\x80\x80\x80\x80\x80\x80\x80\x80\x80'
    b'\x80\x80\x80\x80\x80\x80\x80\x80\x80\x80\x80\x80\x80\x80\x80\x80\x80\x80\x80\x80\x80\x80\x80\x80\x80\x80\x80\x80\x80\x80\x80\x80\x80\x80\x80\x80\x80\x80\x80\x80\x80\x80\x80\x80\x80\x80\x80\x80\x80\x80\x80\x80\x80\x80\x80\x80\x80\x80\x80\x80\x80\x80\x80\x80'
    b'\x80\x80\x80\x80\x80\x80\x80\x80\x80\x80\x80\x80\x80\x80\x80\x80\x80\x80\x80\x80\x80\x80\x80\x80\x80\x80\x80\x80\x80\x80\x80\x80\x80\x80\x80\x80\x80\x80\x80\x80\x80\x80\x80\x80\x80\x80\x80\x80\x80\x80\x80\x80\x80\x80\x80\x80\x80\x80\x80\x80\x80\x80\x80\x80'
    b'\x80\x80\x80\x80\x80\x80\x80\x80\x80\x80\x80\x80\x80\x80\x80\x80\x80\x80\x80\x80\x80\x80\x80\x80\x80\x80\x80\x80\x80\x80\x80\x80\x80\x80\x80\x80\x80\x80\x80\x80\x80\x80\x80\x80\x80\x80\x80\x80\x80\x80\x80\x80\x80\x80\x80\x80\x80\x80\x80\x80\x80\x80\x80\x80'
    b'\x80\x80\x80\x80\x80\x80\x80\x80\x80\x80\x80\x80\x80\x80\x80\x80\x80\x80\x80\x80\x80\x80\x80\x80\x80\x80\x80\x80\x80\x80\x80\x80\x80\x80\x80\x80\x80\x80\x80\x80\x80\x80\x80\x80\x80\x80\x80\x80\x80\x80\x80\x80\x80\x80\x80\x80\x80\x80\x80\x80\x80\x80\x80\x80'
    b'\x80\x80\x80\x80\x80\x80\x80\x80\x80\x80\x80\x80\x80\x80\x80\x80\x80\x80\x80\x80\x80\x80\x80\x80\x80\x80\x80\x80\x80\x80\x80\x80\x80\x80\x80\x80\x80\x80\x80\x80\x80\x80\x80\x80\x80\x80\x80\x80\x80\x80\x80\x80\x80\x80\x80\x80\x80\x80\x80\x80\x80\x80\x80\x80'
    b'\x80\x80\x80\x80\x80\x80\x80\x80\x80\x80\x80\x80\x80\x80\x80\x80\x80\x80\x80\x80\x80\x80\x80\x80\x80\x80\x80\x80\x80\x80\x80\x80\x80\x80\x80\x80\x80\x80\x80\x80\x80\x80\x80\x80\x80\x80\x80\x80\x80\x80\x80\x80\x80\x80\x80\x80\x80\x80\x80\x80\x80\x80\x80\x80'
    b'\x80\x80\x80\x80\x80\x80\x80\x80\x80\x80\x80\x80\x80\x80\x80\x80\x80\x80\x80\x80\x80\x80\x80\x80\x80\x80\x80\x80\x80\x80\x80\x80\x80\x80\x80\x80\x80\x80\x80\x80\x80\x80\x80\x80\x80\x80\x80\x80\x80\x80\x80\x80\x80\x80\x80\x80\x80\x80\x80\x80\x80\x80\x80\x80'
    b'\x80\x80\x80\x80\x80\x80\x80\x80\x80\x80\x80\x80\x80\x80\x80\x80\x80\x80\x80\x80\x80\x80\x80\x80\x80\x80\x80\x80\x80\x80\x80\x80\x80\x80\x80\x80\x80\x80\x80\x80\x80\x80\x80\x80\x80\x80\x80\x80\x80\x80\x80\x80\x80\x80\x80\x80\x80\x80\x80\x80\x80\x80\x80\x80'
    b'\x80\x80\x80\x80\x80\x80\x80\x80\x80\x80\x80\x80\x80\x80\x80\x80\x80\x80\x80\x80\x80\x80\x80\x80\x80\x80\x80\x80\x80\x80\x80\x80\x80\x80\x80\x80\x80\x80\x80\x80\x80\x80\x80\x80\x80\x80\x80\x80\x80\x80\x80\x80\x80\x80\x80\x80\x80\x80\x80\x80\x80\x80\x80\x80'
    b'\x80\x80\x80\x80\x80\x80\x80\x80\x80\x80\x80\x80\x80\x80\x80\x80\x80\x80\x80\x80\x80\x80\x80\x80\x80\x80\x80\x80\x80\x80\x80\x80\x80\x80\x80\x80\x80\x80\x80\x80\x80\x80\x80\x80\x80\x80\x80\x80\x80\x80\x80\x80\x80\x80\x80\x80\x80\x80\x80\x80\x80\x80\x80\x80'
    b'\x80\x80\x80\x80\x80\x80\x80\x80\x80\x80\x80\x80\x80\x80\x80\x80\x80\x80\x80\x80\x80\x80\x80\x80\x80\x80\x80\x80\x80\x80\x80\x80\x80\x80\x80\x80\x80\x80\x80\x80\x80\x80\x80\x80\x80\x80\x80\x80\x80\x80\x80\x80\x80\x80\x80\x80\x80\x80\x80\x80\x80\x80\x80\x80'
    b'\x80\x80\x80\x80\x80\x80\x80\x80\x80\x80\x80\x80\x80\x80\x80\x80\x80\x80\x80\x80\x80\x80\x80\x80\x80\x80\x80\x80\x80\x80\x80\x80\x80\x80\x80\x80\x80\x80\x80\x80\x80\x80\x80\x80\x80\x80\x80\x80\x80\x80\x80\x80\x80\x80\x80\x80\x80\x80\x80\x80\x80\x80\x80\x80'
    b'\x80\x80\x80\x80\x80\x80\x80\x80\x80\x80\x80\x80\x80\x80\x80\x80\x80\x80\x80\x80\x80\x80\x80\x80\x80\x80\x80\x80\x80\x80\x80\x80\x80\x80\x80\x80\x80\x80\x80\x80\x80\x80\x80\x80\x80\x80\x80\x80\x80\x80\x80\x80\x80\x80\x80\x80\x80\x80\x80\x80\x80\x80\x80\x80'
    b'\x80\x80\x80\x80\x80\x80\x80\x80\x80\x80\x80\x80\x80\x80\x80\x80\x80\x80\x80\x80\x80\x80\x80\x80\x80\x80\x80\x80\x80\x80\x80\x80\x80\x80\x80\x80\x80\x80\x80\x80\x80\x80\x80\x80\x80\x80\x80\x80\x80\x80\x80\x80\x80\x80\x80\x80\x80\x80\x80\x80\x80\x80\x80\x80'
    b'\x80\x80\x80\x80\x80\x80\x80\x80\x80\x80\x80\x80\x80\x80\x80\x80\x80\x80\x80\x80\x80\x80\x80\x80\x80\x80\x80\x80\x80\x80\x80\x80\x80\x80\x80\x80\x80\x80\x80\x80\x80\x80\x80\x80\x80\x80\x80\x80\x80\x80\x80\x80\x80\x80\x80\x80\x80\x80\x80\x80\x80\x80\x80\x80'
    b'\x80\x80\x80\x80\x80\x80\x80\x80\x80\x80\x80\x80\x80\x80\x80\x80\x80\x80\x80\x80\x80\x80\x80\x80\x80\x80\x80\x80\x80\x80\x80\x80\x80\x80\x80\x80\x80\x80\x80\x80\x80\x80\x80\x80\x80\x80\x80\x80\x80\x80\x80\x80\x80\x80\x80\x80\x80\x80\x80\x80\x80\x80\x80\x80'
    b'\x80\x80\x80\x80\x80\x80\x80\x80\x80\x80\x80\x80\x80\x80\x80\x80\x80\x80\x80\x80\x80\x80\x80\x80\x80\x80\x80\x80\x80\x80\x80\x80\x80\x80\x80\x80\x80\x80\x80\x80\x80\x80\x80\x80\x80\x80\x80\x80\x80\x80\x80\x80\x80\x80\x80\x80\x80\x80\x80\x80\x80\x80\x80\x80'
    b'\x80\x80\x80\x80\x80\x80\x80\x80\x80\x80\x80\x80\x80\x80\x80\x80\x80\x80\x80\x80\x80\x80\x80\x80\x80\x80\x80\x80\x80\x80\x80\x80\x80\x80\x80\x80\x80\x80\x80\x80\x80\x80\x80\x80\x80\x80\x80\x80\x80\x80\x80\x80\x80\x80\x80\x80\x80\x80\x80\x80\x80\x80\x80\x80'
    b'\x80\x80\x80\x80\x80\x80\x80\x80\x80\x80\x80\x80\x80\x80\x80\x80\x80\x80\x80\x80\x80\x80\x80\x80\x80\x80\x80\x80\x80\x80\x80\x80\x80\x80\x80\x80\x80\x80\x80\x80\x80\x80\x80\x80\x80\x80\x80\x80\x80\x80\x80\x80\x80\x80\x80\x80\x80\x80\x80\x80\x80\x80\x80\x80'
    b'\x80\x80\x80\x80\x80\x80\x80\x80\x80\x80\x80\x80\x80\x80\x80\x80\x80\x80\x80\x80\x80\x80\x80\x80\x80\x80\x80\x80\x80\x80\x80\x80\x80\x80\x80\x80\x80\x80\x80\x80\x80\x80\x80\x80\x80\x80\x80\x80\x80\x80\x80\x80\x80\x80\x80\x80\x80\x80\x80\x80\x80\x80\x80\x80'
    b'\x80\x80\x80\x80\x80\x80\x80\x80\x80\x80\x80\x80\x80\x80\x80\x80\x80\x80\x80\x80\x80\x80\x80\x80\x80\x80\x80\x80\x80\x80\x80\x80\x80\x80\x80\x80\x80\x80\x80\x80\x80\x80\x80\x80\x80\x80\x80\x80\x80\x80\x80\x80\x80\x80\x80\x80\x80\x80\x80\x80\x80\x80\x80\x80'
    b'\x80\x80\x80\x80\x80\x80\x80\x80\x80\x80\x80\x80\x80\x80\x80\x80\x80\x80\x80\x80\x80\x80\x80\x80\x80\x80\x80\x80\x80\x80\x80\x80\x80\x80\x80\x80\x80\x80\x80\x80\x80\x80\x80\x80\x80\x80\x80\x80\x80\x80\x80\x80\x80\x80\x80\x80\x80\x80\x80\x80\x80\x80\x80\x80'
    b'\x80\x80\x80\x80\x80\x80\x80\x80\x80\x80\x80\x80\x80\x80\x80\x80\x80\x80\x80\x80\x80\x80\x80\x80\x80\x80\x80\x80\x80\x80\x80\x80\x80\x80\x80\x80\x80\x80\x80\x80\x80\x80\x80\x80\x80\x80\x80\x80\x80\x80\x80\x80\x80\x80\x80\x80\x80\x80\x80\x80\x80\x80\x80\x80'
    b'\x80\x80\x80\x80\x80\x80\x80\x80\x80\x80\x80\x80\x80\x80\x80\x80\x80\x80\x80\x80\x80\x80\x80\x80\x80\x80\x80\x80\x80\x80\x80\x80\x80\x80\x80\x80\x80\x80\x80\x80\x80\x80\x80\x80\x80\x80\x80\x80\x80\x80\x80\x80\x80\x80\x80\x80\x80\x80\x80\x80\x80\x80\x80\x80'
    b'\x80\x80\x80\x80\x80\x80\x80\x80\x80\x80\x80\x80\x80\x80\x80\x80\x80\x80\x80\x80\x80\x80\x80\x80\x80\x80\x80\x80\x80\x80\x80\x80\x80\x80\x80\x80\x80\x80\x80\x80\x80\x80\x80\x80\x80\x80\x80\x80\x80\x80\x80\x80\x80\x80\x80\x80\x80\x80\x80\x80\x80\x80\x80\x80'
    b'\x80\x80\x80\x80\x80\x80\x80\x80\x80\x80\x80\x80\x80\x80\x80\x80\x80\x80\x80\x80\x80\x80\x80\x80\x80\x80\x80\x80\x80\x80\x80\x80\x80\x80\x80\x80\x80\x80\x80\x80\x80\x80\x80\x80\x80\x80\x80\x80\x80\x80\x80\x80\x80\x80\x80\x80\x80\x80\x80\x80\x80\x80\x80\x80'
    b'\x80\x80\x80\x80\x80\x80\x80\x80\x80\x80\x80\x80\x80\x80\x80\x80\x80\x80\x80\x80\x80\x80\x80\x80\x80\x80\x80\x80\x80\x80\x80\x80\x80\x80\x80\x80\x80\x80\x80\x80\x80\x80\x80\x80\x80\x80\x80\x80\x80\x80\x80\x80\x80\x80\x80\x80\x80\x80\x80\x80\x80\x80\x80\x80'
    b'\x80\x80\x80\x80\x80\x80\x80\x80\x80\x80\x80\x80\x80\x80\x80\x80\x80\x80\x80\x80\x80\x80\x80\x80\x80\x80\x80\x80\x80\x80\x80\x80\x80\x80\x80\x80\x80\x80\x80\x80\x80\x80\x80\x80\x80\x80\x80\x80\x80\x80\x80\x80\x80\x80\x80\x80\x80\x80\x80\x80\x80\x80\x80\x80'
    b'\x80\x80\x80\x80\x80\x80\x80\x80\x80\x80\x80\x80\x80\x80\x80\x80\x80\x80\x80\x80\x80\x80\x80\x80\x80\x80\x80\x80\x80\x80\x80\x80\x80\x80\x80\x80\x80\x80\x80\x80\x80\x80\x80\x80\x80\x80\x80\x80\x80\x80\x80\x80\x80\x80\x80\x80\x80\x80\x80\x80\x80\x80\x80\x80'
    b'\x80\x80\x80\x80\x80\x80\x80\x80\x80\x80\x80\x80\x80\x80\x80\x80\x80\x80\x80\x80\x80\x80\x80\x80\x80\x80\x80\x80\x80\x80\x80\x80\x80\x80\x80\x80\x80\x80\x80\x80\x80\x80\x80\x80\x80\x80\x80\x80\x80\x80\x80\x80\x80\x80\x80\x80\x80\x80\x80\x80\x80\x80\x80\x80'
    b'\x80\x80\x80\x80\x80\x80\x80\x80\x80\x80\x80\x80\x80\x80\x80\x80\x80\x80\x80\x80\x80\x80\x80\x80\x80\x80\x80\x80\x80\x80\x80\x80\x80\x80\x80\x80\x80\x80\x80\x80\x80\x80\x80\x80\x80\x80\x80\x80\x80\x80\x80\x80\x80\x80\x80\x80\x80\x80\x80\x80\x80\x80\x80\x80'
    b'\x80\x80\x80\x80\x80\x80\x80\x80\x80\x80\x80\x80\x80\x80\x80\x80\x80\x80\x80\x80\x80\x80\x80\x80\x80\x80\x80\x80\x80\x80\x80\x80\x80\x80\x80\x80\x80\x80\x80\x80\x80\x80\x80\x80\x80\x80\x80\x80\x80\x80\x80\x80\x80\x80\x80\x80\x80\x80\x80\x80\x80\x80\x80\x80'
    b'\x80\x80\x80\x80\x80\x80\x80\x80\x80\x80\x80\x80\x80\x80\x80\x80\x80\x80\x80\x80\x80\x80\x80\x80\x80\x80\x80\x80\x80\x80\x80\x80\x80\x80\x80\x80\x80\x80\x80\x80\x80\x80\x80\x80\x80\x80\x80\x80\x80\x80\x80\x80\x80\x80\x80\x80\x80\x80\x80\x80\x80\x80\x80\x80'
    b'\x80\x80\x80\x80\x80\x80\x80\x80\x80\x80\x80\x80\x80\x80\x80\x80\x80\x80\x80\x80\x80\x80\x80\x80\x80\x80\x80\x80\x80\x80\x80\x80\x80\x80\x80\x80\x80\x80\x80\x80\x80\x80\x80\x80\x80\x80\x80\x80\x80\x80\x80\x80\x80\x80\x80\x80\x80\x80\x80\x80\x80\x80\x80\x80'
    b'\x80\x80\x80\x80\x80\x80\x80\x80\x80\x80\x80\x80\x80\x80\x80\x80\x80\x80\x80\x80\x80\x80\x80\x80\x80\x80\x80\x80\x80\x80\x80\x80\x80\x80\x80\x80\x80\x80\x80\x80\x80\x80\x80\x80\x80\x80\x80\x80\x80\x80\x80\x80\x80\x80\x80\x80\x80\x80\x80\x80\x80\x80\x80\x80'
    b'\x80\x80\x80\x80\x80\x80\x80\x80\x80\x80\x80\x80\x80\x80\x80\x80\x80\x80\x80\x80\x80\x80\x80\x80\x80\x80\x80\x80\x80\x80\x80\x80\x80\x80\x80\x80\x80\x80\x80\x80\x80\x80\x80\x80\x80\x80\x80\x80\x80\x80\x80\x80\x80\x80\x80\x80\x80\x80\x80\x80\x80\x80\x80\x80'
    b'\x80\x80\x80\x80\x80\x80\x80\x80\x80\x80\x80\x80{\xc3o\x9cO\x98\x9am7u\xa3}q\x8e\x9f\x94\xaexDy\x82\x97ltz\x93~rn\x82\xa4p\x8as\x8d\x8cb\x87u\xa6\x80`\x85w}wu\x86\x90\x8d\x88\x84'
    b'~\x8cx\x83\x84\x82\x80py\x87\x8b|x\x81~\x89\x82\x84\x83\x89\x89\x88~|~\x81\x83u\x82\x8b\x81~\x7f|~\x84v~~\x84z}}\x89\x85||\x86\x84}\x80\x82\x7f\x83\x7f{~\x80\x85||\x84\x7f\x84'
    b'\x7f\x80\x80\x83\x80}\x80\x84\x81\x80\x7f\x80\x80\x80\x80\x80\x80\x80\x80\x80\x80\x80\x80\x80\x80\x80\x80\x80\x80\x80\x80\x80\x80\x80\x80\x80\x80\x80\x80\x80\x80\x80\x80\x80\x80\x80\x80\x80\x80\x80\x80\x80\x80\x80\x80\x80\x80\x80\x80\x80\x80\x80\x80\x80'
    b'\x80\x80\x80\x80\x80\x80\x80\x80\x80\x80\x80\x80\x80\x80\x80\x80\x80\x80\x80\x80\x80\x80\x80\x80\x80\x80\x80\x80\x80\x80\x80\x80\x80\x80\x80\x80\x80\x80\x80\x80\x80\x80\x80\x80\x80\x80\x80\x80\x80\x80\x80\x80\x80\x80\x80\x80\x80\x80\x80\x80\x80\x80\x80\x80'
    b'\x80\x80\x80\x80\x80\x80\x80\x80\x80\x80\x80\x80\x80\x80\x80\x80\x80\x80\x80\x80\x80\x80\x80\x80\x80\x80\x80\x80\x80\x80\x80\x80\x80\x80\x80\x80\x80\x80\x80\x80\x80\x80\x80\x80\x80\x80\x80\x80\x80\x80\x80\x80\x80\x80\x80\x80\x80\x80\x80\x80\x80\x80\x80\x80'
    b'\x80\x80\x80\x80\x80\x80\x80\x80\x80\x80\x80\x80\x80\x80\x80\x80\x80\x80\x80\x80\x80\x80\x80\x80\x80\x80\x80\x80\x80\x80\x80\x80\x80\x80\x80\x80\x80\x80\x80\x80\x80\x80\x80\x80\x80\x80\x80\x80\x80\x80\x80\x80\x80\x80\x80\x80\x80\x80\x80\x80\x80\x80\x80\x80'
    b'\x80\x80\x80\x80\x80\x80\x80\x80\x80\x80\x80\x80\x80\x80\x80\x80\x80\x80\x80\x80\x80\x80\x80\x80\x80\x80\x80\x80\x80\x80\x80\x80\x80\x80\x80\x80\x80\x80\x80\x80\x80\x80\x80\x80\x80\x80\x80\x80\x80\x80\x80\x80\x80\x80\x80\x80\x80\x80\x80\x80\x80\x80\x80\x80'
    b'\x80\x80\x80\x80\x80\x80\x80\x80\x80\x80\x80\x80\x80\x80\x80\x80\x80\x80\x80\x80\x80\x80\x80\x80\x80\x80\x80\x80\x80\x80\x80\x80\x80\x80\x80\x80\x80\x80\x80\x80\x80\x80\x80\x80\x80\x80\x80\x80\x80\x80\x80\x80\x80\x80\x80\x80\x80\x80\x80\x80\x80\x80\x80\x80'
    b'\x80\x80\x80\x80\x80\x80\x80\x80\x80\x80\x80\x80\x80\x80\x80\x80\x80\x80\x80\x80\x80\x80\x80\x80\x80\x80\x80\x80\x80\x80\x80\x80\x80\x80\x80\x80\x80\x80\x80\x80\x80\x80\x80\x80\x80\x80\x80\x80\x80\x80\x80\x80\x80\x80\x80\x80\x80\x80\x80\x80\x80\x80\x80\x80'
    b'\x80\x80\x80\x80\x80\x80\x80\x80\x80\x80\x80\x80\x80\x80\x80\x80\x80\x80\x80\x80\x80\x80\x80\x80\x80\x80\x80\x80\x80\x80\x80\x80\x80\x80\x80\x80\x80\x80\x80\x80\x80\x80\x80\x80\x80\x80\x80\x80\x80\x80\x80\x80\x80\x80\x80\x80\x80\x80\x80\x80\x80\x80\x80\x80'
    b'\x80\x80\x80\x80\x80\x80\x80\x80\x80\x80\x80\x80\x80\x80\x80\x80\x80\x80\x80\x80\x80\x80\x80\x80\x80\x80\x80\x80\x80\x80\x80\x80\x80\x80\x80\x80\x80\x80\x80\x80\x80\x80\x80\x80\x80\x80\x80\x80\x80\x80\x80\x80\x80\x80\x80\x80\x80\x80\x80\x80\x80\x80\x80\x80'
    b'\x80\x80\x80\x80\x80\x80\x80\x80\x80\x80\x80\x80\x80\x80\x80\x80\x80\x80\x80\x80\x80\x80\x80\x80\x80\x80\x80\x80\x80\x80\x80\x80\x80\x80\x80\x80\x80\x80\x80\x80\x80\x80\x80\x80\x80\x80\x80\x80\x80\x80\x80\x80\x80\x80\x80\x80\x80\x80\x80\x80\x80\x80\x80\x80'
    b'\x80\x80\x80\x80\x80\x80\x80\x80\x80\x80\x80\x80\x80\x80\x80\x80\x80\x80\x80\x80\x80\x80\x80\x80\x80\x80\x80\x80\x80\x80\x80\x80\x80\x80\x80\x80\x80\x80\x80\x80\x80\x80\x80\x80\x80\x80\x80\x80\x80\x80\x80\x80\x80\x80\x80\x80\x80\x80\x80\x80\x80\x80\x80\x80'
    b'\x80\x80\x80\x80\x80\x80\x80\x80\x80\x80\x80\x80\x80\x80\x80\x80\x80\x80\x80\x80\x80\x80\x80\x80\x80\x80\x80\x80\x80\x80\x80\x80\x80\x80\x80\x80\x80\x80\x80\x80\x80\x80\x80\x80\x80\x80\x80\x80\x80\x80\x80\x80\x80\x80\x80\x80\x80\x80\x80\x80\x80\x80\x80\x80'
    b'\x80\x80\x80\x80\x80\x80\x80\x80\x80\x80\x80\x80\x80\x80\x80\x80\x80\x80\x80\x80\x80\x80\x80\x80\x80\x80\x80\x80\x80\x80\x80\x80\x80\x80\x80\x80\x80\x80\x80\x80\x80\x80\x80\x80\x80\x80\x80\x80\x80\x80\x80\x80\x80\x80\x80\x80\x80\x80\x80\x80\x80\x80\x80\x80'
    b'\x80\x80\x80\x80\x80\x80\x80\x80\x80\x80\x80\x80\x80\x80\x80\x80\x80\x80\x80\x80\x80\x80\x80\x80\x80\x80\x80\x80\x80\x80\x80\x80\x80\x80\x80\x80\x80\x80\x80\x80\x80\x80\x80\x80\x80\x80\x80\x80\x80\x80\x80\x80\x80\x80\x80\x80\x80\x80\x80\x80\x80\x80\x80\x80'
    b'\x80\x80\x80\x80\x80\x80\x80\x80\x80\x80\x80\x80\x80\x80\x80\x80\x80\x80\x80\x80\x80\x80\x80\x80\x80\x80\x80\x80\x80\x80\x80\x80\x80\x80\x80\x80\x80\x80\x80\x80\x80\x80\x80\x80\x80\x80\x80\x80\x80\x80\x80\x80\x80\x80\x80\x80\x80\x80\x80\x80\x80\x80\x80\x80'
    b'\x80\x80\x80\x80\x80\x80\x80\x80\x80\x80\x80\x80\x80\x80\x80\x80\x80\x80\x80\x80\x80\x80\x80\x80\x80\x80\x80\x80\x80\x80\x80\x80\x80\x80\x80\x80\x80\x80\x80\x80\x80\x80\x80\x80\x80\x80\x80\x80\x80\x80\x80\x80\x80\x80\x80\x80\x80\x80\x80\x80\x80\x80\x80\x80'
    b'\x80\x80\x80\x80\x80\x80\x80\x80\x80\x80\x80\x80\x80\x80\x80\x80\x80\x80\x80\x80\x80\x80\x80\x80\x80\x80\x80\x80\x80\x80\x80\x80\x80\x80\x80\x80\x80\x80\x80\x80\x80\x80\x80\x80\x80\x80\x80\x80\x80\x80\x80\x80\x80\x80\x80\x80\x80\x80\x80\x80\x80\x80\x80\x80'
    b'\x80\x80\x80\x80\x80\x80\x80\x80\x80\x80\x80\x80\x80\x80\x80\x80\x80\x80\x80\x80\x80\x80\x80\x80\x80\x80\x80\x80\x80\x80\x80\x80\x80\x80\x80\x80\x80\x80\x80\x80\x80\x80\x80\x80\x80\x80\x80\x80\x80\x80\x80\x80\x80\x80\x80\x80\x80\x80\x80\x80\x80\x80\x80\x80'
    b'\x80\x80\x80\x80\x80\x80\x80\x80\x80\x80\x80\x80\x80\x80\x80\x80\x80\x80\x80\x80\x80\x80\x80\x80\x80\x80\x80\x80\x80\x80\x80\x80\x80\x80\x80\x80\x80\x80\x80\x80\x80\x80\x80\x80\x80\x80\x80\x80\x80\x80\x80\x80\x80\x80\x80\x80\x80\x80\x80\x80\x80\x80\x80\x80'
    b'\x80\x80\x80\x80\x80\x80\x80\x80\x80\x80\x80\x80\x80\x80\x80\x80\x80\x80\x80\x80\x80\x80\x80\x80\x80\x80\x80\x80\x80\x80\x80\x80\x80\x80\x80\x80\x80\x80\x80\x80\x80\x80\x80\x80\x80\x80\x80\x80\x80\x80\x80\x80\x80\x80\x80\x80\x80\x80\x80\x80\x80\x80\x80\x80'
    b'\x80\x80\x80\x80\x80\x80\x80\x80\x80\x80\x80\x80\x80\x80\x80\x80\x80\x80\x80\x80\x80\x80\x80\x80\x80\x80\x80\x80\x80\x80\x80\x80\x80\x80\x80\x80\x80\x80\x80\x80\x80\x80\x80\x80\x80\x80\x80\x80\x80\x80\x80\x80\x80\x80\x80\x80\x80\x80\x80\x80\x80\x80\x80\x80'
    b'\x80\x80\x80\x80\x80\x80\x80\x80\x80\x80\x80\x80\x80\x80\x80\x80\x80\x80\x80\x80\x80\x80\x80\x80\x80\x80\x80\x80\x80\x80\x80\x80\x80\x80\x80\x80\x80\x80\x80\x80\x80\x80\x80\x80\x80\x80\x80\x80\x80\x80\x80\x80\x80\x80\x80\x80\x80\x80\x80\x80\x80\x80\x80\x80'
    b'\x80\x80\x80\x80\x80\x80\x80\x80\x80\x80\x80\x80\x80\x80\x80\x80\x80\x80\x80\x80\x80\x80\x80\x80\x80\x80\x80\x80\x80\x80\x80\x80\x80\x80\x80\x80\x80\x80\x80\x80\x80\x80\x80\x80\x80\x80\x80\x80\x80\x80\x80\x80\x80\x80\x80\x80\x80\x80\x80\x80\x80\x80\x80\x80'
    b'\x80\x80\x80\x80\x80\x80\x80\x80\x80\x80\x80\x80\x80\x80\x80\x80\x80\x80\x80\x80\x80\x80\x80\x80\x80\x80\x80\x80\x80\x80\x80\x80\x80\x80\x80\x80\x80\x80\x80\x80\x80\x80\x80\x80\x80\x80\x80\x80\x80\x80\x80\x80\x80\x80\x80\x80\x80\x80\x80\x80\x80\x80\x80\x80'
    b'\x80\x80\x80\x80\x80\x80\x80\x80\x80\x80\x80\x80\x80\x80\x80\x80\x80\x80\x80\x80\x80\x80\x80\x80\x80\x80\x80\x80\x80\x80\x80\x80\x80\x80\x80\x80\x80\x80\x80\x80\x80\x80\x80\x80\x80\x80\x80\x80\x80\x80\x80\x80\x80\x80\x80\x80\x80\x80\x80\x80\x80\x80\x80\x80'
    b'\x80\x80\x80\x80\x80\x80\x80\x80\x80\x80\x80\x80\x80\x80\x80\x80\x80\x80\x80\x80\x80\x80\x80\x80\x80\x80\x80\x80\x80\x80\x80\x80\x80\x80\x80\x80\x80\x80\x80\x80\x80\x80\x80\x80\x80\x80\x80\x80\x80\x80\x80\x80\x80\x80\x80\x80\x80\x80\x80\x80\x80\x80\x80\x80'
    b'\x80\x80\x80\x80\x80\x80\x80\x80\x80\x80\x80\x80\x80\x80\x80\x80\x80\x80\x80\x80\x80\x80\x80\x80\x80\x80\x80\x80\x80\x80\x80\x80\x80\x80\x80\x80\x80\x80\x80\x80\x80\x80\x80\x80\x80\x80\x80\x80\x80\x80\x80\x80\x80\x80\x80\x80\x80\x80\x80\x80\x80\x80\x80\x80'
    b'\x80\x80\x80\x80\x80\x80\x80\x80\x80\x80\x80\x80\x80\x80\x80\x80\x80\x80\x80\x80\x80\x80\x80\x80\x80\x80\x80\x80\x80\x80\x80\x80\x80\x80\x80\x80\x80\x80\x80\x80\x80\x80\x80\x80\x80\x80\x80\x80\x80\x80\x80\x80\x80\x80\x80\x80\x80\x80\x80\x80\x80\x80\x80\x80'
    b'\x80\x80\x80\x80\x80\x80\x80\x80\x80\x80\x80\x80\x80\x80\x80\x80\x80\x80\x80\x80\x80\x80\x80\x80\x80\x80\x80\x80\x80\x80\x80\x80\x80\x80\x80\x80\x80\x80\x80\x80\x80\x80\x80\x80\x80\x80\x80\x80\x80\x80\x80\x80\x80\x80\x80\x80\x80\x80\x80\x80\x80\x80\x80\x80'
    b'\x80\x80\x80\x80\x80\x80\x80\x80\x80\x80\x80\x80\x80\x80\x80\x80\x80\x80\x80\x80\x80\x80\x80\x80\x80\x80\x80\x80\x80\x80\x80\x80\x80\x80\x80\x80\x80\x80\x80\x80\x80\x80\x80\x80\x80\x80\x80\x80\x80\x80\x80\x80\x80\x80\x80\x80\x80\x80\x80\x80\x80\x80\x80\x80'
    b'\x80\x80\x80\x80\x80\x80\x80\x80\x80\x80\x80\x80\x80\x80\x80\x80\x80\x80\x80\x80\x80\x80\x80\x80\x80\x80\x80\x80\x80\x80\x80\x80\x80\x80\x80\x80\x80\x80\x80\x80\x80\x80\x80\x80\x80\x80\x80\x80\x80\x80\x80\x80\x80\x80\x80\x80\x80\x80\x80\x80\x80\x80\x80\x80'
    b'\x80\x80\x80\x80\x80\x80\x80\x80\x80\x80\x80\x80\x80\x80\x80\x80\x80\x80\x80\x80\x80\x80\x80\x80\x80\x80\x80\x80\x80\x80\x80\x80\x80\x80\x80\x80\x80\x80\x80\x80\x80\x80\x80\x80\x80\x80\x80\x80\x80\x80\x80\x80\x80\x80\x80\x80\x80\x80\x80\x80\x80\x80\x80\x80'
    b'\x80\x80\x80\x80\x80\x80\x80\x80\x80\x80\x80\x80\x80\x80\x80\x80\x80\x80\x80\x80\x80\x80\x80\x80\x80\x80\x80\x80\x80\x80\x80\x80\x80\x80\x80\x80\x80\x80\x80\x80\x80\x80\x80\x80\x80\x80\x80\x80\x80\x80\x80\x80\x80\x80\x80\x80\x80\x80\x80\x80\x80\x80\x80\x80'
    b'\x80\x80\x80\x80\x80\x80\x80\x80\x80\x80\x80\x80\x80\x80\x80\x80\x80\x80\x80\x80\x80\x80\x80\x80\x80\x80\x80\x80\x80\x80\x80\x80\x80\x80\x80\x80\x80\x80\x80\x80\x80\x80\x80\x80\x80\x80\x80\x80\x80\x80\x80\x80\x80\x80\x80\x80\x80\x80\x80\x80\x80\x80\x80\x80'
    b'\x80\x80\x80\x80\x80\x80\x80\x80\x80\x80\x80\x80\x80\x80\x80\x80\x80\x80\x80\x80\x80\x80\x80\x80\x80\x80\x80\x80\x80\x80\x80\x80\x80\x80\x80\x80\x80\x80\x80\x80\x80\x80\x80\x80\x80\x80\x80\x80\x80\x80\x80\x80\x80\x80\x80\x80\x80\x80\x80\x80\x80\x80\x80\x80'
    b'\x80\x80\x80\x80\x80\x80\x80\x80\x80\x80\x80\x80\x80\x80\x80\x80\x80\x80\x80\x80\x80\x80\x80\x80\x80\x80\x80\x80\x80\x80\x80\x80\x80\x80\x80\x80\x80\x80\x80\x80\x80\x80\x80\x80\x80\x80\x80\x80\x80\x80\x80\x80\x80\x80\x80\x80\x80\x80\x80\x80\x80\x80\x80\x80'
    b'\x80\x80\x80\x80\x80\x80\x80\x80\x80\x80\x80\x80\x80\x80\x80\x80\x80\x80\x80\x80\x80\x80\x80\x80\x80\x80\x80\x80\x80\x80\x80\x80\x80\x80\x80\x80\x80\x80\x80\x80\x80\x80\x80\x80\x80\x80\x80\x80\x80\x80\x80\x80\x80\x80\x80\x80\x80\x80\x80\x80\x80\x80\x80\x80'
    b'\x80\x80\x80\x80\x80\x80\x80\x80\x80\x80\x80\x80\x80\x80\x80\x80\x80\x80\x80\x80\x80\x80\x80\x80\x80\x80\x80\x80\x80\x80\x80\x80\x80\x80\x80\x80\x80\x80\x80\x80\x80\x80\x80\x80\x80\x80\x80\x80\x80\x80\x80\x80\x80\x80\x80\x80\x80\x80\x80\x80\x80\x80\x80\x80'
    b'\x80\x80\x80\x80\x80\x80\x80\x80\x80\x80\x80\x80\x80\x80\x80\x80\x80\x80\x80\x80\x80\x80\x80\x80\x80\x80\x80\x80\x80\x80\x80\x80\x80\x80\x80\x80\x80\x80\x80\x80\x80\x80\x80\x80\x80\x80\x80\x80\x80\x80\x80\x80\x80\x80\x80\x80\x80\x80\x80\x80\x80\x80\x80\x80'
    b'\x80\x80\x80\x80\x80\x80\x80\x80\x80\x80\x80\x80\x80\x80\x80\x80\x80\x80\x80\x80\x80\x80\x80\x80\x80\x80\x80\x80\x80\x80\x80\x80\x80\x80\x80\x80\x80\x80\x80\x80\x80\x80\x80\x80\x80\x80\x80\x80\x80\x80\x80\x80\x80\x80\x80\x80\x80\x80\x80\x80\x80\x80\x80\x80'
    b'\x80\x80\x80\x80\x80\x80\x80\x80\x80\x80\x80\x80\x80\x80\x80\x80\x80\x80\x80\x80\x80\x80\x80\x80\x80\x80\x80\x80\x80\x80\x80\x80\x80\x80\x80\x80\x80\x80\x80\x80\x80\x80\x80\x80\x80\x80\x80\x80\x80\x80\x80\x80\x80\x80\x80\x80\x80\x80\x80\x80\x80\x80\x80\x80'
    b'\x80\x80\x80\x80\x80\x80\x80\x80\x80\x80\x80\x80\x80\x80\x80\x80\x80\x80\x80\x80\x80\x80\x80\x80\x80\x80\x80\x80\x80\x80\x80\x80\x80\x80\x80\x80\x80\x80\x80\x80\x80\x80\x80\x80\x80\x80\x80\x80\x80\x80\x80\x80\x80\x80\x80\x80\x80\x80\x80\x80\x80\x80\x80\x80'
    b'\x80\x80\x80\x80\x80\x80\x80\x80\x80\x80\x80\x80\x80\x80\x80\x80\x80\x80\x80\x80\x80\x80\x80\x80\x80\x80\x80\x80\x80\x80\x80\x80\x80\x80\x80\x80\x80\x80\x80\x80\x80\x80\x80\x80\x80\x80\x80\x80\x80\x80\x80\x80\x80\x80\x80\x80\x80\x80\x80\x80\x80\x80\x80\x80'
    b'\x80\x80\x80\x80\x80\x80\x80\x80\x80\x80\x80\x80\x80\x80\x80\x80\x80\x80\x80\x80\x80\x80\x80\x80\x80\x80\x80\x80\x80\x80\x80\x80\x80\x80\x80\x80\x80\x80\x80\x80\x80\x80\x80\x80\x80\x80\x80\x80\x80\x80\x80\x80\x80\x80\x80\x80\x80\x80\x80\x80\x80\x80\x80\x80'
    b'\x80\x80\x80\x80\x80\x80\x80\x80\x80\x80\x80\x80\x80\x80\x80\x80\x80\x80\x80\x80\x80\x80\x80\x80\x80\x80\x80\x80\x80\x80\x80\x80\x80\x80\x80\x80\x80\x80\x80\x80\x80\x80\x80\x80\x80\x80\x80\x80\x80\x80\x80\x80\x80\x80\x80\x80\x80\x80\x80\x80\x80\x80\x80\x80'
    b'\x80\x80\x80\x80\x80\x80\x80\x80\x80\x80\x80\x80\x80\x80\x80\x80\x80\x80\x80\x80\x80\x80\x80\x80\x80\x80\x80\x80\x80\x80\x80\x80\x80\x80\x80\x80\x80\x80\x80\x80\x80\x80\x80\x80\x80\x80\x80\x80\x80\x80\x80\x80\x80\x80\x80\x80\x80\x80\x80\x80\x80\x80\x80\x80'
    b'\x80\x80\x80\x80\x80\x80\x80\x80\x80\x80\x80\x80\x80\x80\x80\x80\x80\x80\x80\x80\x80\x80\x80\x80\x80\x80\x80\x80\x80\x80\x80\x80\x80\x80\x80\x80\x80\x80\x80\x80\x80\x80\x80\x80\x80\x80\x80\x80\x80\x80\x80\x80\x80\x80\x80\x80\x80\x80\x80\x80\x80\x80\x80\x80'
    b'\x80\x80\x80\x80\x80\x80\x80\x80\x80\x80\x80\x80\x80\x80\x80\x80\x80\x80\x80\x80\x80\x80\x80\x80\x80\x80\x80\x80\x80\x80\x80\x80\x80\x80\x80\x80\x80\x80\x80\x80\x80\x80\x80\x80\x80\x80\x80\x80\x80\x80\x80\x80\x80\x80\x80\x80\x80\x80\x80\x80\x80\x80\x80\x80'
    b'\x80\x80\x80\x80\x80\x80\x80\x80\x80\x80\x80\x80\x80\x80\x80\x80\x80\x80\x80\x80\x80\x80\x80\x80\x80\x80\x80\x80\x80\x80\x80\x80\x80\x80\x80\x80\x80\x80\x80\x80\x80\x80\x80\x80\x80\x80\x80\x80\x80\x80\x80\x80\x80\x80\x80\x80\x80\x80\x80\x80\x80\x80\x80\x80'
    b'\x80\x80\x80\x80\x80\x80\x80\x80\x80\x80\x80\x80\x80\x80\x80\x80\x80\x80\x80\x80\x80\x80\x80\x80\x80\x80\x80\x80\x80\x80\x80\x80\x80\x80\x80\x80\x80\x80\x80\x80\x80\x80\x80\x80\x80\x80\x80\x80\x80\x80\x80\x80\x80\x80\x80\x80\x80\x80\x80\x80\x80\x80\x80\x80'
    b'\x80\x80\x80\x80\x80\x80\x80\x80\x80\x80\x80\x80\x80\x80\x80\x80\x80\x80\x80\x80\x80\x80\x80\x80\x80\x80\x80\x80\x80\x80\x80\x80\x80\x80\x80\x80\x80\x80\x80\x80\x80\x80\x80\x80\x80\x80\x80\x80\x80\x80\x80\x80\x80\x80\x80\x80\x80\x80\x80\x80\x80\x80\x80\x80'
    b'\x80\x80\x80\x80\x80\x80\x80\x80\x80\x80\x80\x80\x80\x80\x80\x80\x80\x80\x80\x80\x80\x80\x80\x80\x80\x80\x80\x80\x80\x80\x80\x80\x80\x80\x80\x80\x80\x80\x80\x80\x80\x80\x80\x80\x80\x80\x80\x80\x80\x80\x80\x80\x80\x80\x80\x80\x80\x80\x80\x80\x80\x80\x80\x80'
    b'\x80\x80\x80\x80\x80\x80\x80\x80\x80\x80\x80\x80\x80\x80\x80\x80\x80\x80\x80\x80\x80\x80\x80\x80\x80\x80\x80\x80\x80\x80\x80\x80\x80\x80\x80\x80\x80\x80\x80\x80\x80\x80\x80\x80\x80\x80\x80\x80\x80\x80\x80\x80\x80\x80\x80\x80\x80\x80\x80\x80\x80\x80\x80\x80'
    b'\x80\x80\x80\x80\x80\x80\x80\x80\x80\x80\x80\x80\x80\x80\x80\x80\x80\x80\x80\x80\x80\x80\x80\x80\x80\x80\x80\x80\x80\x80\x80\x80\x80\x80\x80\x80\x80\x80\x80\x80\x80\x80\x80\x80\x80\x80\x80\x80\x80\x80\x80\x80\x80\x80\x80\x80\x80\x80\x80\x80\x80\x80\x80\x80'
    b'\x80\x80\x80\x80\x80\x80\x80\x80\x80\x80\x80\x80\x80\x80\x80\x80\x80\x80\x80\x80\x80\x80\x80\x80\x80\x80\x80\x80\x80\x80\x80\x80\x80\x80\x80\x80\x80\x80\x80\x80\x80\x80\x80\x80\x80\x80\x80\x80\x80\x80\x80\x80\x80\x80\x80\x80\x80\x80\x80\x80\x80\x80\x80\x80'
    b'\x80\x80\x80\x80\x80\x80\x80\x80\x80\x80\x80\x80\x80\x80\x80\x80\x80\x80\x80\x80\x80\x80\x80\x80\x80\x80\x80\x80\x80\x80\x80\x80\x80\x80\x80\x80\x80\x80\x80\x80\x80\x80\x80\x80\x80\x80\x80\x80\x80\x80\x80\x80\x80\x80\x80\x80\x80\x80\x80\x80\x80\x80\x80\x80'
    b'\x80\x80\x80\x80\x80\x80\x80\x80\x80\x80\x80\x80\x80\x80\x80\x80\x80\x80\x80\x80\x80\x80\x80\x80\x80\x80\x80\x80\x80\x80\x80\x80\x80\x80\x80\x80\x80\x80\x80\x80\x80\x80\x80\x80\x80\x80\x80\x80\x80\x80\x80\x80\x80\x80\x80\x80\x80\x80\x80\x80\x80\x80\x80\x80'
    b'\x80\x80\x80\x80\x80\x80\x80\x80\x80\x80\x80\x80\x80\x80\x80\x80\x80\x80\x80\x80\x80\x80\x80\x80\x80\x80\x80\x80\x80\x80\x80\x80\x80\x80\x80\x80\x80\x80\x80\x80\x80\x80\x80\x80\x80\x80\x80\x80\x80\x80\x80\x80\x80\x80\x80\x80\x80\x80\x80\x80\x80\x80\x80\x80'
    b'\x80\x80\x80\x80\x80\x80\x80\x80\x80\x80\x80\x80\x80\x80\x80\x80\x80\x80\x80\x80\x80\x80\x80\x80\x80\x80\x80\x80\x80\x80\x80\x80\x80\x80\x80\x80\x80\x80\x80\x80\x80\x80\x80\x80\x80\x80\x80\x80\x80\x80\x80\x80\x80\x80\x80\x80\x80\x80\x80\x80\x80\x80\x80\x80'
    b'\x80\x80\x80\x80\x80\x80\x80\x80\x80\x80\x80\x80\x80\x80\x80\x80\x80\x80\x80\x80\x80\x80\x80\x80\x80\x80\x80\x80\x80\x80\x80\x80\x80\x80\x80\x80\x80\x80\x80\x80\x80\x80\x80\x80\x80\x80\x80\x80\x80\x80\x80\x80\x80\x80\x80\x80\x80\x80\x80\x80\x80\x80\x80\x80'
    b'\x80\x80\x80\x80\x80\x80\x80\x80\x80\x80\x80\x80\x80\x80\x80\x80\x80\x80\x80\x80\x80\x80\x80\x80\x80\x80\x80\x80\x80\x80\x80\x80\x80\x80\x80\x80\x80\x80\x80\x80\x80\x80\x80\x80'
)
